"기준_년분기_코드","자치구_코드","자치구_코드_명","총_유동인구_수","남성_유동인구_수","여성_유동인구_수","연령대_10_유동인구_수","연령대_20_유동인구_수","연령대_30_유동인구_수","연령대_40_유동인구_수","연령대_50_유동인구_수","연령대_60_이상_유동인구_수","시간대_00_06_유동인구_수","시간대_06_11_유동인구_수","시간대_11_14_유동인구_수","시간대_14_17_유동인구_수","시간대_17_21_유동인구_수","시간대_21_24_유동인구_수","월요일_유동인구_수","화요일_유동인구_수","수요일_유동인구_수","목요일_유동인구_수","금요일_유동인구_수","토요일_유동인구_수","일요일_유동인구_수"
"20261","11740","강동구","106404596","49466580","56938018","17823375","12362332","16519201","18058645","15976931","25664114","28852160","21915423","12103915","12065004","17364859","14103234","15057264","14956787","15052124","15025214","15052209","15493109","15767888"
"20261","11710","송파구","119374865","55642047","63732819","20672263","14907722","20435894","20646767","17388028","25324191","31459895","24545504","14012998","14041680","19855928","15458859","16912702","16865750","16985645","17024864","17087346","17309555","17189005"
"20261","11680","강남구","145387600","70197206","75190394","24722050","21203816","27921575","30292454","20327772","20919934","29540008","30038363","21965227","22097479","25732078","16014445","21093327","21713781","21889845","22019769","22117631","18975748","17577501"
"20261","11650","서초구","99034836","47350265","51684570","17161186","13358310","17153704","19568064","14984921","16808650","22229072","20961561","13864400","13768048","16798755","11412999","14333908","14598329","14728319","14754708","14835148","13222312","12562109"
"20261","11620","관악구","126852940","62443228","64409712","12944568","30134249","25204261","18271563","16292676","24005622","35507740","26210864","13761803","13628618","20546523","17197390","17824434","17673933","17813477","17821768","17815305","18807977","19096046"
"20261","11590","동작구","79482451","37324382","42158068","11514193","14717320","13289248","12115601","11190985","16655105","21804206","16523864","8883092","8814739","12901234","10555315","11233836","11204108","11257346","11258183","11285872","11604231","11638874"
"20261","11560","영등포구","107551419","51728362","55823057","13238893","15854643","21214293","18677105","16400769","22165717","26351282","22447330","13626261","13643116","18132791","13350639","15295041","15338792","15447541","15437350","15555876","15283447","15193374"
"20261","11545","금천구","34978174","17298993","17679181","4082862","4901996","6374864","5688612","5682201","8247642","9542143","7242637","3997400","3969792","5624199","4602002","5001230","4991884","4984407","4981490","4954615","4974420","5090130"
"20261","11530","구로구","79329375","38022522","41306852","11475333","9719172","13184016","13487052","12957651","18506151","20922654","16427806","9280000","9265600","13103400","10329915","11320763","11281762","11286013","11257076","11240654","11342859","11600249"
"20261","11500","강서구","114205875","53362593","60843283","18703792","15176083","20558530","19654643","15830113","24282713","31424962","23807172","12955352","12783521","18164626","15070244","16253559","16162200","16226630","16214719","16189454","16478155","16681158"
"20261","11470","양천구","75372551","35264186","40108365","16215294","8241200","9983434","12894066","11366962","16671595","20901470","15558490","8368025","8317653","12141502","10085410","10663118","10605899","10651606","10656763","10674818","10996655","11123691"
"20261","11440","마포구","111700178","50507329","61192850","16137456","21863053","21277646","19334008","15151844","17936170","27114142","22238830","13973073","14459180","19812891","14102063","15673945","15663152","15856877","15945856","16138322","16431266","15990761"
"20261","11410","서대문구","100020368","45115949","54904419","13480682","18628525","16938159","17287293","15018176","18667533","23779934","20987582","13288542","13468648","16574672","11920988","14399062","14623251","14703722","14736648","14655839","13559307","13342540"
"20261","11380","은평구","94584761","42531707","52053054","15231171","11952081","14249593","15426375","14921734","22803806","26843244","19520698","10189785","10089908","15079863","12861263","13397586","13281869","13314504","13295791","13281107","13895069","14118834"
"20261","11350","노원구","91576369","42288020","49288347","16466242","12806199","11231454","13774026","14508805","22789643","24117226","18646991","10636028","10728137","15426470","12021517","12916899","12874830","12923568","12898104","12914463","13497102","13551401"
"20261","11320","도봉구","61099850","28347137","32752713","9402565","7331839","7874836","9094740","9957672","17438198","16684800","12608577","6881464","6868949","9928987","8127072","8684599","8631147","8601410","8584334","8550853","8905303","9142204"
"20261","11305","강북구","88068472","40441017","47627455","12221893","12547452","11270078","13227807","14727913","24073330","23837761","18090720","10083666","10057225","14389212","11609886","12499800","12427754","12393533","12387276","12379597","12881119","13099392"
"20261","11290","성북구","119201823","54309747","64892077","20465324","20824076","16309026","17767789","18087698","25747912","31738804","24460450","13676265","13760193","19841009","15725103","16905222","16900378","16962566","16946744","16867924","17197300","17421689"
"20261","11260","중랑구","93507216","43845928","49661287","12764869","12305130","14984587","14385884","15080628","23986117","25933069","19134876","10317740","10296092","15230362","12595076","13244519","13134450","13151713","13117076","13094049","13734300","14031109"
"20261","11230","동대문구","105885189","49583543","56301644","14408203","21070871","16335625","16105678","15015614","22949198","27529718","22171774","12814903","12623357","17232382","13513055","15028091","15026946","15096774","15088981","15080239","15286197","15277962"
"20261","11215","광진구","88590864","41062704","47528160","13244183","16926670","14937137","13735660","12395422","17351791","24278272","18169232","9870411","9842334","14564667","11865950","12505400","12451263","12523950","12555905","12601243","12968129","12984975"
"20261","11200","성동구","73427810","34464578","38963231","9970630","12789705","13699670","12286894","10613471","14067440","17849795","15275197","9305127","9436260","12526274","9035158","10452283","10505416","10596461","10626401","10670279","10375869","10201099"
"20261","11170","용산구","57722766","27370950","30351815","7122491","9232235","11600296","10511118","8426231","10830394","14265778","12011399","7299039","7317669","9660773","7168106","8128864","8127583","8218969","8238893","8333387","8384272","8290797"
"20261","11140","중구","56038065","27216115","28821950","4596815","9307356","11191085","10510789","9077863","11354157","9796073","11713801","9419206","9389129","10102129","5617727","8232306","8476341","8560508","8577439","8652982","7029324","6509168"
"20261","11110","종로구","64461669","30837315","33624354","6576270","12173215","10546861","10718493","10548174","13898656","12763648","13085147","10057088","10216780","11459024","6879982","9208336","9429528","9560099","9561477","9609276","8854533","8238421"
"20254","11740","강동구","105146089","48830043","56316046","17726888","11991064","16338903","17730527","15784821","25573886","28738398","21614069","11862016","11848119","17115268","13968218","14844290","14788522","14866763","14885286","14927823","15271177","15562227"
"20254","11710","송파구","117174486","54695185","62479301","20291119","14515286","20131177","20161772","17115138","24959994","31043716","24043403","13638414","13710124","19493922","15244907","16555062","16544575","16641397","16742627","16803048","16969063","16918715"
"20254","11680","강남구","141820495","68476131","73344364","23649979","20835794","27401658","29436411","19867175","20629478","29092973","29441379","21269554","21356670","24979353","15680566","20885660","21335597","21404653","21187552","21225487","18525926","17255618"
"20254","11650","서초구","97333966","46675975","50657992","17036879","13071184","16838207","19104302","14619506","16663889","21845126","20656070","13554082","13464866","16564244","11249578","14254975","14427268","14467671","14388547","14441770","12969942","12383794"
"20254","11620","관악구","124176069","61144070","63032000","12703119","29253674","24749846","17855620","15924049","23689763","35020689","25659142","13364546","13237049","20017441","16877202","17411688","17311353","17295323","17565204","17544821","18325309","18722370"
"20254","11590","동작구","79515542","37268796","42246747","11537337","15086498","13217054","11972034","11077002","16625618","21852382","16509002","8836489","8789625","12935509","10592534","11248057","11210030","11228825","11325092","11305685","11583443","11614409"
"20254","11560","영등포구","105483333","50839021","54644313","12895923","15484825","20772491","18331807","16141451","21856837","25993560","22005521","13280588","13308270","17741273","13154120","15062402","15052527","15134603","15147104","15225572","14948349","14912777"
"20254","11545","금천구","34646869","17161290","17485579","4043862","4831814","6298920","5616799","5660812","8194662","9481341","7173611","3936433","3917897","5563876","4573712","4974705","4928248","4904697","4950811","4915451","4919199","5053759"
"20254","11530","구로구","78779192","37719618","41059574","11433885","9625740","13060668","13431382","12822843","18404671","20790224","16264299","9155247","9205112","13070684","10293627","11244294","11166211","11157918","11214088","11180335","11274044","11542301"
"20254","11500","강서구","112084721","52325460","59759261","18397562","14852401","20127872","19176214","15521440","24009235","31082847","23315914","12588555","12436175","17786703","14874528","15923528","15856563","15863570","15973545","15934747","16139820","16392949"
"20254","11470","양천구","74564899","34837806","39727092","16008857","8058356","9912625","12689811","11320829","16574420","20830566","15357304","8190501","8163268","12000671","10022589","10543147","10477792","10475581","10577850","10585545","10864950","11040035"
"20254","11440","마포구","111236897","50312158","60924739","15883563","22332704","21107508","19154281","14842754","17916087","27149846","22193695","13845976","14285329","19687909","14074141","15545022","15652484","15898278","15956056","16083631","16258271","15843155"
"20254","11410","서대문구","99296329","44488033","54808296","13413017","19450960","16583900","16768511","14670819","18409123","23914349","20781074","13050132","13225440","16410033","11915301","14344122","14522200","14630591","14568989","14406697","13509448","13314283"
"20254","11380","은평구","93622290","42152012","51470278","15223319","11718339","14057915","15302762","14710016","22609941","26751868","19284838","10013226","9936481","14889849","12746026","13216342","13112955","13186469","13223393","13216181","13713735","13953215"
"20254","11350","노원구","90687810","41926732","48761078","16266923","12791370","11114306","13573060","14407931","22534219","24004803","18449255","10479241","10576849","15262093","11915568","12771954","12729908","12801624","12827785","12837003","13302116","13417422"
"20254","11320","도봉구","60391785","27977565","32414220","9261185","7269186","7811952","8981744","9853300","17214418","16604922","12425218","6745432","6758121","9798111","8059980","8571205","8487137","8508432","8513133","8477851","8792449","9041577"
"20254","11305","강북구","87372581","39973007","47399574","12077145","12574584","11180358","13053148","14513788","23973558","23825484","17939422","9942484","9908278","14225003","11531910","12376654","12270117","12339431","12325013","12344202","12741979","12975185"
"20254","11290","성북구","119898445","54473664","65424783","20355459","21964000","16230153","17684980","17969085","25694770","32059563","24589795","13705507","13820578","19931678","15791326","16996814","16960204","17159962","17094675","16968266","17252892","17465635"
"20254","11260","중랑구","92797389","43531653","49265736","12709729","12205480","14770452","14203951","15005886","23901891","25847810","18958638","10209705","10197300","15088633","12495305","13112792","12982417","13053988","13080239","13058779","13596256","13912918"
"20254","11230","동대문구","104514740","48721986","55792753","13803334","22666564","15574881","15429578","14541442","22498942","27194364","21929682","12661367","12480556","16967677","13281094","14850896","14838535","14995133","14952807","14886522","14955956","15034891"
"20254","11215","광진구","88459439","40890225","47569214","13125158","17528201","14807739","13583314","12265657","17149372","24388886","18117487","9797737","9785685","14510891","11858754","12463469","12425783","12546957","12606200","12609530","12882702","12924798"
"20254","11200","성동구","72868640","34164321","38704319","9813711","13070778","13491183","12053501","10510689","13928778","17894096","15094414","9173517","9331845","12391597","8983170","10374335","10425272","10538068","10532707","10532267","10292003","10173988"
"20254","11170","용산구","57452824","27319119","30133705","7123362","9299873","11504242","10390369","8319180","10815797","14195638","11983047","7274616","7259990","9597154","7142380","8080990","8102788","8215489","8243338","8304422","8294143","8211655"
"20254","11140","중구","56968371","27590703","29377668","4667495","9641103","11318360","10566085","9179911","11595418","9873516","11922844","9566812","9538618","10350983","5715596","8431962","8642013","8846639","8699702","8676371","7123055","6548630"
"20254","11110","종로구","65802111","31327878","34474233","6861808","12986540","10581367","10717257","10588019","14067121","12884786","13393809","10288383","10420013","11802611","7012508","9387445","9609818","9895725","9786095","9732769","9003282","8386976"
"20253","11740","강동구","105750741","49023716","56727024","17882573","12305767","16375147","17724963","15772861","25689432","28957415","21694802","11963052","11944612","17151143","14039716","14994744","14945610","14996532","14919845","14944258","15297192","15652558"
"20253","11710","송파구","117924356","54942217","62982138","20348721","15050987","20252297","20224657","17167559","24880136","31268498","24196823","13755526","13800308","19557557","15345642","16804749","16810933","16821525","16802190","16803623","16917124","16964210"
"20253","11680","강남구","146525718","70957378","75568340","25046601","22351184","28400818","30055736","20030598","20640783","29450550","30570719","22347522","22427820","25786342","15942765","21823713","22288573","22265915","22254760","21693901","18707448","17491409"
"20253","11650","서초구","97984415","46993673","50990742","16933095","13654025","17215829","19231289","14521219","16428960","21747418","20890076","13820710","13721252","16601651","11203308","14516499","14678961","14663955","14668044","14392153","12786397","12278405"
"20253","11620","관악구","124666365","61255144","63411222","12756723","29686534","24847424","17870483","15822023","23683180","35258196","25654980","13373894","13258323","20112830","17008142","17550428","17477096","17542128","17447957","17515036","18325714","18808006"
"20253","11590","동작구","79661310","37159107","42502204","11616290","14987499","13286989","11965916","11080728","16723888","21947475","16502592","8835052","8800862","12940722","10634605","11302534","11285017","11303354","11270193","11266072","11570543","11663598"
"20253","11560","영등포구","106701745","51316710","55385036","12710823","16142535","21228139","18507227","16197754","21915268","26271462","22290115","13462623","13482937","17908756","13285851","15313172","15345035","15382970","15333821","15317421","14996353","15012974"
"20253","11545","금천구","35114159","17387691","17726468","4106268","5021991","6397143","5640408","5730404","8217947","9624700","7256268","3992435","3982672","5626626","4631458","5043296","5019640","5031059","5004217","4964203","4948896","5102849"
"20253","11530","구로구","78811799","37632410","41179390","11422117","9808770","13130133","13368015","12730938","18351824","20827244","16230606","9147064","9217605","13089313","10299967","11248396","11201419","11250822","11204943","11162991","11221048","11522178"
"20253","11500","강서구","112570792","52470728","60100063","18435599","15320656","20233845","19076005","15443110","24061577","31240289","23352923","12656968","12521526","17851068","14948020","16057481","15990948","16036637","15963593","15924893","16133242","16463997"
"20253","11470","양천구","75339868","35162372","40177497","16330842","8333607","9966189","12699675","11345744","16663813","21032724","15456888","8291386","8273947","12150617","10134307","10701633","10641252","10659900","10621802","10639156","10934996","11141129"
"20253","11440","마포구","111447064","50366104","61080959","15886727","22343232","21315154","19291742","14759488","17850721","27123672","22234923","13948225","14399477","19692460","14048306","15782306","15837722","15884265","15945811","16005022","16136874","15855063"
"20253","11410","서대문구","94513982","42760841","51753141","12662404","17739832","15847374","16093675","14243364","17927333","23164192","19965940","12269237","12289283","15307414","11517915","13814330","13969802","13946734","13887222","13695758","12639900","12560236"
"20253","11380","은평구","94336228","42326554","52009674","15195510","12041775","14138384","15377064","14750370","22833126","26957325","19341020","10068225","10011895","15037216","12920548","13358405","13275169","13297244","13232154","13281538","13797494","14094224"
"20253","11350","노원구","90856879","41846237","49010641","16395265","12668174","11075667","13520758","14424044","22772969","24124862","18471743","10468793","10563497","15253747","11974237","12830214","12787114","12831472","12789504","12823236","13313932","13481408"
"20253","11320","도봉구","60369809","27926847","32442962","9174938","7270660","7761466","8950418","9903482","17308847","16625601","12370235","6730070","6752217","9799035","8092651","8544512","8497216","8513865","8476634","8483558","8799317","9054707"
"20253","11305","강북구","87341149","40013873","47327276","11945806","12433346","11178588","13043960","14553518","24185933","23834872","17882018","9899238","9881518","14254796","11588705","12372363","12306451","12325032","12279036","12328187","12744877","12985205"
"20253","11290","성북구","117599318","53648340","63950978","20009771","20749003","15973484","17514290","17803565","25549207","31529540","24052133","13394443","13525315","19541727","15556161","16725569","16723163","16762841","16716620","16595385","16870803","17204937"
"20253","11260","중랑구","92447008","43242121","49204888","12556908","12142565","14653804","14105488","15022535","23965707","25804600","18804526","10151568","10150246","15040735","12495334","13080534","12983859","13012967","12975540","12989823","13523151","13881134"
"20253","11230","동대문구","101275440","47535291","53740148","13295909","20782854","15275600","15132671","14431421","22356986","26274631","21304029","12254668","12072276","16456672","12913164","14475859","14481669","14495606","14470053","14383730","14412810","14555712"
"20253","11215","광진구","88047148","40721455","47325692","13182561","16955071","14836004","13566031","12351832","17155646","24439460","18016598","9706053","9692062","14348743","11844232","12471872","12448950","12477132","12445806","12499856","12787100","12916436"
"20253","11200","성동구","71779647","33701166","38078482","9557401","12715717","13355498","11896125","10423948","13830958","17648061","14873387","9039199","9182077","12179421","8857502","10301819","10359356","10388737","10388059","10337574","10033059","9971041"
"20253","11170","용산구","57930855","27663357","30267498","7120455","9482493","11673532","10435723","8339560","10879092","14291443","12080657","7322909","7322156","9703753","7209937","8201427","8241019","8267094","8288907","8342842","8342244","8247321"
"20253","11140","중구","57148490","27695258","29453231","4452937","9637750","11612700","10699209","9267111","11478781","9961612","12178794","9606844","9498904","10205738","5696598","8617363","8806413","8811068","8854836","8641445","6956800","6460564"
"20253","11110","종로구","64498615","30858173","33640441","6514909","12309188","10612717","10687442","10527055","13847302","12644097","13346111","10051144","10093535","11484608","6879120","9362540","9560143","9628309","9668995","9545871","8642025","8090732"
"20252","11740","강동구","105924756","49158604","56766151","17794314","12200907","16492963","17832835","15840553","25763184","29087180","21780684","11914356","11899018","17174712","14068806","14982092","15027266","14927719","14934299","15010113","15407447","15635820"
"20252","11710","송파구","116916192","54468265","62447925","19901964","14889045","20261367","19982379","17088284","24793152","31074467","23919706","13531392","13605908","19506448","15278271","16561650","16633057","16581753","16622288","16725361","16911162","16880921"
"20252","11680","강남구","142605326","69114944","73490382","23734029","21524182","27982871","29447216","19585347","20331682","29140820","29783788","21486083","21547295","24990928","15656416","21017084","21140890","21881428","21679253","21269068","18448895","17168709"
"20252","11650","서초구","95701281","46027384","49673897","16507548","13130660","16940425","18848457","14101657","16172535","21369320","20399501","13422780","13320415","16220972","10968292","14057700","14082525","14413871","14301736","14139423","12650245","12055783"
"20252","11620","관악구","125465868","61717204","63748662","13042009","29985538","24912479","17956762","15851767","23717312","35461703","25866218","13418763","13305932","20280397","17132852","17621003","17726994","17535045","17594466","17660137","18504518","18823702"
"20252","11590","동작구","80736009","37819322","42916688","11980420","15476611","13363334","12032230","11090799","16792616","22179556","16710051","8956449","8929171","13175580","10785205","11427514","11499469","11437142","11458782","11447673","11716502","11748927"
"20252","11560","영등포구","106790438","51554150","55236289","12608902","16063749","21226743","18452482","16298308","22140255","26500961","22331562","13349973","13352004","17891842","13364098","15257466","15285463","15408050","15349401","15377026","15047124","15065908"
"20252","11545","금천구","35205597","17435603","17769994","4090344","5033680","6424419","5678409","5739206","8239542","9674044","7274803","3966343","3963352","5656820","4670233","5038425","5034937","5020337","5010227","4988063","5002175","5111435"
"20252","11530","구로구","78640640","37636673","41003969","11370243","9698907","13066559","13346728","12711984","18446219","20860083","16147027","9060657","9155527","13100855","10316494","11186152","11187087","11181595","11174053","11139949","11280452","11491355"
"20252","11500","강서구","112983320","52862383","60120937","18343089","15256375","20497743","19154394","15430428","24301291","31336680","23432878","12655547","12528174","18007004","15023040","16043983","16108877","16019507","16020705","16016127","16294735","16479385"
"20252","11470","양천구","75024009","35102657","39921352","16172052","8178326","10058146","12679633","11357762","16578091","20990428","15369323","8176113","8186574","12163171","10138400","10604673","10654700","10540804","10548476","10609637","10977918","11087803"
"20252","11440","마포구","112137071","50618770","61518303","15988371","22737496","21456522","19309418","14741895","17903370","27382550","22424873","13979924","14406839","19780332","14162555","15855169","15934311","15988896","16011169","16144418","16272832","15930276"
"20252","11410","서대문구","94374778","42521109","51853671","12981208","18487059","15485328","15707932","13891920","17821332","23423956","19877060","12066353","12061407","15321202","11624801","13699023","13812446","13964678","13914272","13683860","12721369","12579129"
"20252","11380","은평구","95294177","42799576","52494601","15304221","12120010","14424034","15509320","14855289","23081302","27156985","19560294","10145312","10101179","15258554","13071850","13456216","13498623","13336200","13374917","13440588","14007282","14180348"
"20252","11350","노원구","91627463","42323772","49303692","16649075","12937216","11093439","13638226","14467866","22841640","24293603","18648375","10544857","10654998","15426516","12059115","12918097","12980075","12903685","12915939","12939044","13432227","13538396"
"20252","11320","도봉구","60927300","28130250","32797050","9203211","7424302","7932148","9035932","9962361","17369347","16741107","12506056","6776613","6813390","9925835","8164299","8626084","8639273","8543349","8560939","8555337","8894582","9107737"
"20252","11305","강북구","89655067","41073790","48581277","12383304","12855417","11509776","13476753","14808755","24621059","24488700","18375859","10111720","10101840","14662917","11914031","12714122","12722627","12581936","12613776","12668895","13083513","13270198"
"20252","11290","성북구","119802645","54534371","65268275","20853891","22065915","16035219","17707904","17713001","25426717","31991865","24493221","13699362","13850200","19972682","15795317","17024477","17146244","17104551","17119256","16933978","17175852","17298287"
"20252","11260","중랑구","92353986","43339866","49014120","12560332","12176859","14649803","14112332","14984431","23870228","25632183","18795286","10158450","10181356","15110333","12476380","13053681","13078127","12921252","12960912","13001749","13550918","13787348"
"20252","11230","동대문구","104106305","48826561","55279744","13945120","22993289","15090884","15186862","14448210","22441940","26910089","21919324","12657877","12455285","16928385","13235346","14838804","14973354","14956267","14953413","14814358","14777865","14792242"
"20252","11215","광진구","90024784","41732416","48292369","13634162","17901880","15023917","13726680","12530879","17207266","24941650","18437725","9919847","9910683","14713543","12101337","12734641","12796472","12717950","12752677","12805583","13079781","13137685"
"20252","11200","성동구","72624910","34136411","38488499","9683179","13126552","13379885","11958499","10500163","13976631","17899234","15046316","9104909","9264310","12342982","8967161","10377941","10439560","10522783","10492516","10501521","10192377","10098212"
"20252","11170","용산구","58440217","27777963","30662254","7265771","9518476","11709239","10528867","8414787","11003076","14431624","12219054","7370896","7378934","9773954","7265756","8289287","8309603","8376976","8374353","8427550","8345934","8316514"
"20252","11140","중구","57720987","28003303","29717685","4614651","9859104","11640832","10633828","9308079","11664493","10142134","12239977","9726238","9568314","10258020","5786304","8677390","8693940","9061137","8960661","8719227","7036987","6571643"
"20252","11110","종로구","67472405","32057723","35414681","7279964","13321065","10840234","10899367","10803763","14328012","13099993","13798122","10624285","10673011","12087511","7189482","9767479","9824146","10183982","10082850","9914354","9079493","8620099"
"20251","11740","강동구","108188959","50564683","57624275","18139970","12706620","16692773","17982215","16194793","26472587","29449155","22412104","12335686","12239598","17506421","14245995","15336794","15236248","15309897","15257948","15302150","15720451","16025472"
"20251","11710","송파구","119554131","55787174","63766957","20299977","15359822","20429393","20278582","17474132","25712224","31621013","24625485","13995232","13981518","19826995","15503889","16996319","16914901","16936929","16988624","17091447","17320981","17304929"
"20251","11680","강남구","144606832","70170886","74435946","24327054","22100692","28279931","29600501","19632932","20665722","29223788","30022112","21938789","22047381","25560194","15814567","21189349","21680206","21362799","21922636","22071063","18861788","17518991"
"20251","11650","서초구","96102659","46261745","49840915","16368354","13328499","17024589","18862728","14070361","16448129","21408655","20412759","13553281","13449283","16301152","10977532","14031145","14240878","14093015","14370929","14437070","12771263","12158360"
"20251","11620","관악구","126701986","62391489","64310496","13164470","29931708","24884684","18152723","16122899","24445503","35443883","26120237","13741031","13622756","20579440","17194639","17825193","17651969","17787332","17702551","17765538","18795096","19174306"
"20251","11590","동작구","81315850","38206701","43109149","11846990","14986915","13521879","12300106","11230132","17429827","22237285","16864181","9091609","9023751","13279284","10819740","11494895","11445196","11502768","11497112","11534086","11878028","11963765"
"20251","11560","영등포구","108101613","52292158","55809454","12753329","16191817","21282662","18588651","16604294","22680859","26577700","22578349","13668293","13655409","18188227","13433636","15421360","15413205","15447346","15515776","15648439","15348099","15307388"
"20251","11545","금천구","35629749","17693269","17936479","4146447","5119091","6410356","5686128","5861270","8406458","9741844","7388045","4054258","4030359","5711175","4704071","5092705","5070800","5091923","5057010","5033947","5075814","5207548"
"20251","11530","구로구","80112159","38509156","41603003","11615867","9752959","13233747","13527080","12976936","19005571","21113184","16539097","9349635","9375335","13300397","10434510","11403800","11357353","11378945","11330411","11322570","11524142","11794938"
"20251","11500","강서구","115288277","54068132","61220144","18575580","15580187","20821594","19473628","15736052","25101236","31657941","24011449","13081662","12915114","18398683","15223430","16405504","16306678","16351193","16310063","16326441","16676080","16912318"
"20251","11470","양천구","77467281","36425529","41041752","16673506","8594357","10319840","12950724","11713938","17214918","21418836","15928974","8608657","8578147","12562803","10369866","10982185","10900753","10932063","10918156","10949647","11317473","11467005"
"20251","11440","마포구","112964817","51162854","61801964","15984103","22493700","21661471","19375116","14939206","18511221","27455796","22521832","14140493","14646417","19998474","14201806","15943668","15890989","15921292","16096149","16345633","16604559","16162530"
"20251","11410","서대문구","94373202","43013249","51359954","12741689","17475468","15723691","15953020","14100929","18378406","23284256","19972797","12137302","12099245","15335919","11543685","13657332","13815164","13766987","13883034","13810426","12783975","12656287"
"20251","11380","은평구","97660653","44062306","53598349","15621601","12550866","14654528","15811237","15151008","23871416","27594997","20122606","10534482","10448326","15657821","13302421","13824412","13712869","13784397","13691643","13691586","14351106","14604641"
"20251","11350","노원구","93007610","43023072","49984538","16732149","12879150","11259670","13888098","14769529","23479013","24459868","18960252","10816059","10903326","15685479","12182626","13155743","13052918","13125697","13076339","13110502","13683842","13802567"
"20251","11320","도봉구","62282366","28968310","33314056","9347695","7519522","8143945","9196358","10174744","17900102","16979345","12861114","7025272","7017835","10127797","8271004","8812529","8783263","8817873","8734398","8698554","9095070","9340677"
"20251","11305","강북구","91794978","42365800","49429178","12567859","12917973","11768299","13794973","15203117","25542756","24903957","18813437","10447972","10435992","15036733","12156888","13000453","12930848","12994980","12894405","12895353","13426085","13652855"
"20251","11290","성북구","117929120","54016652","63912469","20220669","20259041","15924387","17771241","17715519","26038264","31387099","24251024","13595393","13663081","19564428","15468094","16749020","16740737","16804347","16761206","16704573","16964209","17205028"
"20251","11260","중랑구","94470012","44450670","50019343","12774519","12440032","14892426","14360647","15361452","24640937","26008933","19304829","10506555","10496571","15465270","12687856","13372214","13265292","13325808","13229178","13223347","13875036","14179138"
"20251","11230","동대문구","102586472","48642063","53944409","13401188","20746746","14976209","15394908","14728730","23338690","26349932","21532599","12595783","12404804","16707640","12995715","14603340","14593703","14620323","14638056","14650100","14720364","14760588"
"20251","11215","광진구","90391276","42171531","48219746","13414496","17208175","15144281","13934287","12861281","17828757","24922047","18583099","10049996","10002969","14738670","12094495","12805377","12717624","12793568","12771384","12836904","13199677","13266744"
"20251","11200","성동구","72864406","34416140","38448266","9677543","12626340","13405322","12063133","10676575","14415492","17891816","15143791","9182182","9303862","12363465","8979288","10414591","10451527","10454676","10523375","10566998","10287708","10165531"
"20251","11170","용산구","58778310","28039598","30738711","7001465","9406914","11864253","10644528","8516660","11344490","14558270","12269362","7407867","7424724","9825399","7292688","8305546","8310384","8337326","8376209","8487290","8512804","8448750"
"20251","11140","중구","57130038","27839450","29290587","4432787","9614348","11684000","10567894","9227514","11603495","10069062","12015189","9558338","9507500","10235944","5744007","8465353","8663896","8539384","8789186","8857960","7219904","6594355"
"20251","11110","종로구","65283405","31449217","33834188","6740492","12349203","10559996","10691375","10640572","14301766","12845362","13264823","10124426","10359345","11699152","6990297","9329523","9532533","9519072","9688918","9737243","9161964","8314153"
"20244","11740","강동구","107151778","50114178","57037599","18279628","12363800","16471452","17785682","16092085","26159131","29391409","22218373","12137120","12058312","17232982","14113581","15153724","15151307","15242521","15132714","15152668","15487596","15831247"
"20244","11710","송파구","120317054","56059209","64257845","20718731","15197700","20601757","20435915","17620078","25742871","32119834","24781156","13916968","13936312","19881556","15681226","17052292","17084542","17165346","17114548","17164803","17360945","17374577"
"20244","11680","강남구","144164615","70016301","74148315","23581918","22105110","28460487","29540452","19625208","20851441","29363829","30008916","21769497","21861661","25370107","15790605","21561905","21594980","21305778","21697863","21754089","18776299","17473700"
"20244","11650","서초구","97166789","46891050","50275740","16641501","13294502","17268634","19089591","14140750","16731811","21656845","20636976","13635478","13553479","16547941","11136070","14415017","14400037","14241379","14434166","14503990","12889613","12282586"
"20244","11620","관악구","126296711","62087870","64208841","13328421","29694611","24824613","18065682","16084420","24298964","35652997","26133578","13559128","13420105","20361402","17169499","17653963","17698916","17882264","17726309","17685624","18586173","19063463"
"20244","11590","동작구","81823206","38385844","43437363","12067281","15493559","13504805","12313878","11124358","17319326","22485849","16973670","9080045","9032926","13336914","10913801","11537191","11569530","11654057","11578528","11569365","11930551","11983985"
"20244","11560","영등포구","108064439","52226948","55837490","12834759","16169645","21306674","18592636","16572633","22588093","26693886","22504856","13558928","13635703","18201076","13469990","15409080","15407686","15467792","15458122","15545080","15455462","15321217"
"20244","11545","금천구","35468459","17509499","17958961","4032262","5090978","6422485","5736261","5861262","8325211","9771007","7370765","4003219","3985107","5645011","4693351","5075295","5060366","5076500","5059377","5028584","5008165","5160172"
"20244","11530","구로구","79273963","38134955","41139007","11545089","9570476","13105874","13397652","12852585","18802287","21080778","16319408","9158985","9222198","13115716","10376879","11247405","11224323","11284559","11238890","11207442","11397967","11673377"
"20244","11500","강서구","113675043","53301644","60373398","18372209","15185311","20560419","19229859","15551093","24776151","31517206","23691672","12778935","12603187","18025199","15058845","16124126","16141700","16233400","16139467","16080373","16322389","16633589"
"20244","11470","양천구","76779968","35995217","40784751","16637868","8283149","10297340","12881436","11627847","17052330","21460105","15798784","8411714","8393430","12392002","10323933","10823902","10834974","10875560","10821768","10831714","11181747","11410304"
"20244","11440","마포구","113763836","51418177","62345659","15937115","23167773","21900941","19405274","14888998","18463736","27734306","22708059","14184640","14616217","20128449","14392166","16017046","16087731","16234139","16249829","16384938","16596707","16193445"
"20244","11410","서대문구","95412427","43271220","52141207","12636065","18857944","15827915","15948911","13935976","18205617","23696339","20146088","12191217","12155647","15497659","11725477","13887907","13978113","13989568","14021133","13902988","12873058","12759658"
"20244","11380","은평구","96539242","43386186","53153056","15758192","12181446","14455483","15687199","14884949","23571974","27571676","19859312","10281757","10208441","15392739","13225319","13578599","13596703","13679891","13575688","13564949","14120388","14423027"
"20244","11350","노원구","92584226","42680783","49903445","16831138","12987343","11155363","13827518","14589945","23192920","24517390","18849934","10663188","10783019","15597904","12172792","12997301","13041719","13147037","13046623","13059904","13563337","13728306"
"20244","11320","도봉구","61436192","28369483","33066709","9330236","7450552","7998180","9071896","9993490","17591836","16872525","12657186","6846371","6866110","9980518","8213482","8648543","8651323","8704116","8644519","8610000","8952603","9225090"
"20244","11305","강북구","91622385","42019173","49603211","12718857","13026208","11651498","13809079","15081294","25335447","25060095","18761663","10327304","10308992","14960402","12203929","12916422","12913066","12992318","12912427","12916802","13355744","13615605"
"20244","11290","성북구","119072203","54245102","64827101","20505561","21721652","15906148","17779775","17513033","25646036","31773482","24471913","13651162","13766382","19753522","15655742","16886717","16937026","17079697","16981680","16827290","17070515","17289278"
"20244","11260","중랑구","93145934","43674815","49471119","12730046","12339678","14665080","14115304","15137652","24158175","25845521","19002941","10250576","10258980","15213750","12574166","13110096","13101137","13184745","13103036","13072013","13628271","13946637"
"20244","11230","동대문구","104589726","49287444","55302280","13344965","23024182","14928567","15352000","14633059","23306953","26959185","22031274","12794653","12586145","16961095","13257373","14902566","14953676","15027104","14985209","14890594","14895527","14935047"
"20244","11215","광진구","91857304","42836301","49021002","13619333","18175713","15260212","14056196","12976209","17769642","25452692","18903974","10141673","10118916","14939073","12300977","12960341","12978026","13097023","13013234","13033375","13350506","13424801"
"20244","11200","성동구","73277025","34468611","38808415","9643335","13092408","13464613","12073256","10657932","14345481","18088326","15209329","9191296","9337406","12414692","9035976","10470145","10518016","10575543","10588041","10604166","10316339","10204774"
"20244","11170","용산구","59598747","28316074","31282672","7283541","9672781","12050182","10694683","8552439","11345120","14730670","12449163","7515865","7531560","9977802","7393686","8421511","8457542","8529855","8512753","8570992","8615782","8490312"
"20244","11140","중구","59119565","28700758","30418807","4659524","10146070","12014885","10896203","9521019","11881864","10310843","12384638","9952759","9904879","10638366","5928080","8935296","8967187","8951449","9059732","9058823","7364654","6782425"
"20244","11110","종로구","67784322","32394267","35390055","7312618","13379615","10778714","10895276","10879707","14538391","13204728","13813788","10644153","10752507","12139106","7230041","9788409","9901461","10025130","10053356","10060456","9321977","8633531"
"20243","11740","강동구","106711348","50040122","56671227","18036784","12593341","16322715","17608667","16091587","26058253","29148359","22109332","12185823","12106569","17156893","14004373","15105973","15073321","15185732","15160354","15146955","15388545","15650470"
"20243","11710","송파구","120227253","56238008","63989245","20779013","15512324","20460629","20298368","17519712","25657203","32145640","24731320","13922406","13944326","19811971","15671588","17050778","17022510","17168667","17193994","17180024","17295637","17315642"
"20243","11680","강남구","145164613","70667955","74496660","24713590","22914987","28335411","29230612","19345433","20624582","29355517","30323342","22070198","22164340","25478588","15772628","21452723","21713309","21843079","22025193","21984853","18741696","17403762"
"20243","11650","서초구","96514227","46564597","49949631","16453711","13575812","17145798","18881267","13928581","16529057","21530274","20560990","13559635","13447206","16354139","11061985","14191071","14274318","14378440","14449671","14463080","12671491","12086156"
"20243","11620","관악구","125790783","61965103","63825679","13422911","29281974","24540211","17994644","16091861","24459180","35442546","25938864","13555761","13458811","20318302","17076498","17618737","17583020","17742109","17734172","17671621","18516870","18924254"
"20243","11590","동작구","80721287","37787454","42933833","11930380","14800835","13330154","12228706","11073281","17357931","22260709","16727660","8959563","8915282","13099025","10759047","11389059","11380724","11456467","11478586","11450650","11736149","11829652"
"20243","11560","영등포구","107199139","51979815","55219327","12605256","16058112","21032768","18462340","16552015","22488650","26483293","22348737","13486530","13533936","17986670","13359974","15311790","15337817","15463208","15439009","15495840","15056936","15094541"
"20243","11545","금천구","35725684","17637778","18087905","4044389","5142936","6433277","5759060","5938646","8407376","9773603","7428523","4062802","4047201","5707740","4705814","5114890","5115315","5120793","5101287","5063506","5043322","5166570"
"20243","11530","구로구","78504355","37911979","40592376","11333908","9478022","12972300","13201873","12760683","18757569","21014467","16144106","9067230","9122295","12893023","10263233","11151640","11171014","11198005","11151760","11072953","11218781","11540203"
"20243","11500","강서구","113248930","53139336","60109594","18078607","15395016","20378492","18960966","15530539","24905313","31364401","23571792","12761647","12608562","17958441","14984087","16091175","16066071","16145939","16100323","16045894","16273790","16525737"
"20243","11470","양천구","77403996","36321069","41082925","16669388","8626373","10340378","12883888","11654593","17229377","21538476","15890285","8540657","8524286","12524870","10385422","10934813","10914599","10968930","10937173","10938745","11277804","11431931"
"20243","11440","마포구","112474602","50850240","61624363","15766376","22519309","21748542","19160900","14755543","18523933","27419577","22431435","14066791","14502845","19849587","14204369","15880275","15899865","16098764","16175069","16258195","16275913","15886524"
"20243","11410","서대문구","94664889","43222408","51442480","12595357","17881185","15913889","15969133","13927228","18378096","23453111","20036418","12145764","12157910","15303970","11567718","13741725","13849435","13926222","13975588","13850041","12721517","12600363"
"20243","11380","은평구","97237400","43661057","53576344","15581741","12505084","14560777","15746554","14991831","23851413","27783022","19942449","10397016","10341370","15492935","13280612","13719548","13670129","13715739","13690107","13664501","14262474","14514902"
"20243","11350","노원구","92668429","42693623","49974806","16685865","12737368","11202360","13889956","14664787","23488093","24537007","18809799","10703087","10826065","15607718","12184751","13033278","13024191","13100506","13067573","13070678","13625609","13746592"
"20243","11320","도봉구","62227967","28759833","33468134","9360209","7494668","8138061","9205795","10202856","17826375","17054422","12785971","6976270","6993281","10120592","8297430","8795926","8789387","8775229","8737155","8714356","9083704","9332212"
"20243","11305","강북구","91978076","42439440","49538635","12737858","12884779","11705176","13819201","15186182","25644881","25072835","18794420","10442356","10434557","15015474","12218433","13026351","13011765","13000983","12962985","12963209","13392134","13620648"
"20243","11290","성북구","115541372","52786775","62754597","19758494","19830115","15600901","17587352","17268302","25496210","30801092","23698003","13249066","13361261","19201576","15230374","16370649","16356951","16454566","16506464","16369374","16641492","16841878"
"20243","11260","중랑구","92572434","43369806","49202629","12519000","12232743","14576028","13969857","15182158","24092647","25664359","18828682","10216210","10239633","15139622","12483930","13064407","13033663","13060569","13018451","13000187","13560989","13834169"
"20243","11230","동대문구","102087421","48442238","53645184","13152803","20730122","14954182","15237434","14618254","23394627","26397835","21480590","12425919","12252354","16564940","12965784","14524811","14526719","14608915","14661145","14604836","14583444","14577552"
"20243","11215","광진구","90112231","42026139","48086092","13354738","17151006","15041051","13829728","12937820","17797887","25044815","18509777","9927075","9923043","14618616","12088903","12737505","12716424","12809417","12813236","12813936","13083690","13138022"
"20243","11200","성동구","72164706","33974860","38189846","9489162","12530822","13228512","11916687","10655520","14344003","17840814","15019237","9025651","9152542","12197093","8929369","10340788","10367307","10442612","10472766","10477170","10089720","9974343"
"20243","11170","용산구","58581054","27980450","30600604","7185505","9348723","11870028","10502581","8408973","11265244","14616293","12266584","7358904","7345140","9709794","7284340","8310560","8327284","8402778","8407960","8467722","8353466","8311283"
"20243","11140","중구","56925213","27823130","29102084","4503133","9654628","11624292","10525398","9247616","11370147","10093857","12095444","9521220","9405123","10094604","5714968","8562161","8646801","8709255","8826402","8804093","6963937","6412565"
"20243","11110","종로구","65170668","31348665","33822003","6858675","12504655","10536976","10581463","10589050","14099850","12902233","13414819","10077628","10155453","11620617","6999920","9458617","9547408","9692443","9742930","9761655","8772786","8194830"
"20242","11740","강동구","105852073","49532008","56320064","17939316","12371253","16305210","17535131","15988114","25713051","29096403","21939493","11948039","11898890","17004329","13964918","15090001","14929654","15073476","14948938","14962690","15260604","15586709"
"20242","11710","송파구","120002856","56191081","63811774","20788832","15398360","20733147","20315748","17413297","25353472","32198834","24603821","13806619","13836254","19842144","15715183","17072781","17033965","17113120","17060084","17102849","17290253","17329803"
"20242","11680","강남구","143850163","70042740","73807423","23702802","22434166","28706658","29174131","19170349","20662057","29237875","29989153","21750645","21843951","25276145","15752393","21314597","22136941","21132995","21709931","21783455","18527161","17245086"
"20242","11650","서초구","96894498","46811948","50082550","16505405","13437479","17434759","18994835","13937164","16584856","21635866","20599123","13555315","13469722","16492597","11141876","14284750","14631233","14135484","14410009","14501676","12748362","12182987"
"20242","11620","관악구","126560305","62358095","64202210","13527341","30007693","24723911","18012816","15965084","24323459","35841595","26117504","13504510","13394615","20434738","17267344","17864211","17642672","18009186","17724507","17665681","18579577","19074472"
"20242","11590","동작구","81988903","38410347","43578556","12363232","15557185","13447906","12311537","11005552","17303491","22746121","16997815","9042909","8979819","13268081","10954155","11697367","11629283","11712140","11596803","11557809","11825716","11969782"
"20242","11560","영등포구","107613994","52157191","55456804","12745032","16142759","21211969","18556470","16523020","22434746","26758018","22401564","13446122","13497514","18042198","13468581","15448002","15477507","15405295","15397642","15504390","15142576","15238582"
"20242","11545","금천구","35396760","17432235","17964524","3999559","5069799","6419413","5721621","5894265","8292101","9730478","7338344","3987877","3983250","5674496","4682313","5102507","5053325","5072090","5037863","5009986","4990545","5130443"
"20242","11530","구로구","78481576","37913839","40567735","11209444","9565821","13117206","13266050","12662248","18660806","21180179","16097433","8950954","9016750","12893381","10342877","11227820","11110716","11186535","11086997","11070378","11207765","11591364"
"20242","11500","강서구","112518934","52752999","59765936","18060390","15211100","20425308","18854833","15344176","24623127","31336216","23399138","12568947","12418914","17842717","14953002","16089307","15966662","16088596","15935586","15876425","16123200","16439158"
"20242","11470","양천구","77140378","36072619","41067759","16563938","8424975","10441200","13039617","11580157","17090491","21644982","15818823","8403881","8397020","12477372","10398300","10960894","10816443","10958248","10857054","10863362","11225333","11459043"
"20242","11440","마포구","115154071","52054031","63100039","16025775","23486547","22344596","19606786","14922384","18767984","28414073","23045297","14264919","14636652","20199271","14593859","16316243","16442461","16416119","16428973","16579696","16679205","16291373"
"20242","11410","서대문구","94677160","42866533","51810627","13091896","18600548","15626944","15718434","13539437","18099902","23351208","19977581","12087917","12171787","15451801","11636866","13855362","14044261","13831971","13892469","13731731","12694974","12626391"
"20242","11380","은평구","97642667","43697513","53945154","15642408","12534327","14706957","15931475","14998179","23829321","28053426","20039385","10334543","10280365","15554448","13380500","13854707","13653237","13847561","13680299","13654397","14309724","14642743"
"20242","11350","노원구","94293306","43348270","50945036","17183499","13144893","11388340","14111759","14829643","23635172","25056051","19173038","10833359","10959518","15857856","12413484","13352944","13232951","13403730","13239614","13234782","13803629","14025657"
"20242","11320","도봉구","61564115","28375588","33188527","9493169","7397871","7994160","9083419","10118491","17477004","16919090","12665015","6866207","6881115","10014616","8218074","8748661","8629532","8726370","8623912","8593451","8982773","9259414"
"20242","11305","강북구","93656261","43035821","50620440","13274486","13240661","12017037","14005656","15366561","25751861","25726299","19197104","10533405","10508420","15227351","12463681","13338443","13184251","13334575","13172644","13161696","13584950","13879704"
"20242","11290","성북구","119610897","54317157","65293740","21043968","21721565","15966838","17826766","17406085","25645677","31911988","24511621","13685182","13819355","19915231","15767520","17096955","17072275","17170668","17018974","16825127","17076921","17349978"
"20242","11260","중랑구","93747281","43914760","49832520","12853938","12423243","14744442","14171620","15405586","24148453","26139537","19111423","10267073","10290157","15275955","12663135","13321946","13135759","13291476","13127136","13091177","13717093","14062694"
"20242","11230","동대문구","106517526","50204114","56313412","14344617","23274270","15154649","15403802","14786638","23553550","27536483","22430429","12966024","12766722","17308021","13509847","15281759","15306639","15316237","15283862","15144573","15047625","15136828"
"20242","11215","광진구","92118931","42824945","49293987","13892248","18245701","15363719","13912070","12900396","17804798","25675397","18892530","10086727","10080769","14995322","12388186","13078931","12985247","13149695","13047218","13014954","13373890","13468995"
"20242","11200","성동구","73792488","34698229","39094259","9745549","13285381","13524536","12092294","10736586","14408143","18184569","15307326","9239122","9406307","12539881","9115283","10595708","10667852","10620716","10645642","10667626","10367191","10227752"
"20242","11170","용산구","59713443","28394354","31319089","7380158","9592079","12117541","10682667","8477842","11463155","14999807","12509053","7455148","7426692","9867216","7455527","8495796","8552480","8525357","8549793","8586993","8521931","8481094"
"20242","11140","중구","59244434","28865502","30378932","4853259","10128281","11965381","10847118","9568422","11881973","10511682","12519673","9952077","9809061","10497850","5954090","8892991","9305738","8870830","9150482","9165450","7237189","6621752"
"20242","11110","종로구","68281097","32607376","35673721","7561585","13505424","10845643","10877351","10937625","14553469","13335046","13956026","10716872","10729885","12243912","7299356","9845637","10200781","10038295","10199520","10222577","9227218","8547068"
"20241","11740","강동구","108851671","51095961","57755710","18311459","12947956","16698906","17846112","16425646","26621591","29765427","22733787","12419075","12296030","17462784","14174567","15603260","15455296","15455311","15396036","15330945","15636073","15974753"
"20241","11710","송파구","124044949","58183320","65861630","21345455","15955376","21169995","20818884","18224577","26530662","33128784","25711394","14440304","14363977","20380036","16020455","17775312","17719100","17731429","17673488","17569652","17730045","17845925"
"20241","11680","강남구","144673730","70525925","74147805","23946380","22821658","28742093","29045386","19217404","20900809","29187031","29944427","22026012","22129188","25601448","15785624","21104074","22054919","22540138","21979904","21378419","18377036","17239240"
"20241","11650","서초구","96950096","46854684","50095412","16288083","13567328","17448308","18928395","13954207","16763775","21682399","20541273","13617980","13499396","16498405","11110643","14177121","14551298","14784171","14511925","14196299","12595413","12133867"
"20241","11620","관악구","129617251","63997254","65619995","13852903","30263409","24938768","18507785","16586422","25467963","36363987","26839027","14038534","13920284","20973032","17482386","18342851","18243137","18130086","18244210","18139840","19016703","19500422"
"20241","11590","동작구","82698133","38871395","43826738","12390009","15034151","13590586","12560152","11263264","17859970","22871078","17242693","9176122","9096048","13366195","10945996","11785211","11746312","11730187","11751621","11642814","11937569","12104419"
"20241","11560","영등포구","110850420","53873906","56976514","13158204","16517496","21632266","18993637","17183336","23365482","27502973","23137087","13934784","13937165","18583277","13755137","15883591","15928313","16024704","15917380","15819578","15569498","15707359"
"20241","11545","금천구","36794973","18235053","18559920","4140839","5232934","6602157","5942961","6158792","8717291","10071762","7672936","4195875","4160279","5879987","4814135","5298376","5267279","5250962","5242957","5199621","5201078","5334700"
"20241","11530","구로구","80975809","39220091","41755717","11519378","9830661","13468439","13771705","13029259","19356367","21636658","16784728","9390310","9372614","13270069","10521429","11621702","11521413","11499335","11497027","11399502","11544764","11892066"
"20241","11500","강서구","116166586","54496338","61670248","18614726","15824826","21001635","19378003","15801315","25546083","32232819","24275425","13091669","12892385","18402097","15272192","16646088","16535426","16511478","16476985","16362624","16646283","16987702"
"20241","11470","양천구","79543116","37301602","42241514","16881070","8893355","10737312","13388065","11983005","17660309","22124775","16447764","8811723","8756656","12821584","10580616","11360948","11260342","11217811","11225646","11205884","11532017","11740470"
"20241","11440","마포구","116341575","52868403","63473172","16194975","23261603","22518214","19824850","15196816","19345115","28694689","23352321","14455843","14869895","20354197","14614631","16443479","16608525","16671468","16655785","16644943","16773690","16543684"
"20241","11410","서대문구","95331114","43590498","51740614","13051104","17634631","15928576","16064654","13857657","18794490","23236266","20058684","12285933","12322811","15742882","11684536","13799493","14047587","14079785","14036788","13745515","12821116","12800831"
"20241","11380","은평구","99894420","44897800","54996621","15846284","12965401","14994949","16277587","15385428","24424772","28269057","20614461","10772073","10686035","15999009","13553786","14174564","14075448","13898203","14037996","14041645","14674042","14992525"
"20241","11350","노원구","96744301","44605885","52138417","17534258","13260372","11693186","14568928","15288335","24399223","25526115","19797766","11214956","11301091","16262841","12641531","13701643","13631134","13543061","13632758","13626133","14214231","14395345"
"20241","11320","도봉구","63874164","29707998","34166166","9935246","7593082","8251752","9412826","10517520","18163739","17336815","13267637","7240841","7206295","10387028","8435549","9065297","8980551","8887669","8969073","8981628","9380958","9608988"
"20241","11305","강북구","95668304","44300665","51367638","13572970","13344979","12323806","14276159","15674631","26475758","26008502","19695584","10875518","10847342","15603788","12637569","13596166","13488093","13411629","13453405","13508024","14009760","14201227"
"20241","11290","성북구","119590078","54752198","64837880","20801872","20221244","16210956","18136190","17822659","26397156","31684052","24648810","13854504","13877321","19876458","15648932","17082376","17031353","16941823","17024448","16846713","17182935","17480430"
"20241","11260","중랑구","97869230","46035301","51833929","13567526","12803675","15244735","14782375","16193017","25277904","27212369","20148013","10821997","10768175","15852262","13066413","13893667","13771548","13571778","13754892","13772123","14390528","14714692"
"20241","11230","동대문구","104940346","49788228","55152118","13883274","20968282","15245475","15613435","15029183","24200697","27023111","22120219","12859001","12659204","17043601","13235211","14951457","15019300","15025472","15062399","14875820","14953178","15052718"
"20241","11215","광진구","93274090","43568085","49706005","13920734","17694724","15593701","14230489","13321180","18513261","25942569","19242414","10272732","10214077","15143048","12459249","13276182","13247071","13206603","13257832","13160640","13486115","13639647"
"20241","11200","성동구","74772056","35395296","39376760","9913695","12920450","13621010","12361872","11035939","14919091","18366372","15643672","9398572","9507038","12684918","9171486","10723380","10817231","10901447","10817541","10706170","10440523","10365766"
"20241","11170","용산구","62142113","29670426","32471688","7429032","9812035","12530096","11114777","8959228","12296944","15776661","13065436","7716338","7668788","10183238","7731652","8803217","8878841","8910656","8907194","8890216","8847055","8904933"
"20241","11140","중구","59082215","29001289","30080926","4902799","9926838","11967681","10812798","9598826","11873272","10725703","12413650","9798630","9753608","10444042","5946583","8683952","9080924","9328024","9090092","8854014","7257618","6787589"
"20241","11110","종로구","66649984","32157573","34492412","7028075","12526193","10722868","10878828","10983369","14510653","13261614","13571326","10354693","10505139","11843574","7113637","9521904","9815584","10068265","9899009","9799483","9040454","8505288"
"20234","11740","강동구","107182679","50266987","56915691","18181333","12502827","16509719","17692549","16165142","26131108","29420261","22201196","12129545","12065340","17265729","14100607","15326308","15182691","15127891","15124122","15163408","15513466","15744793"
"20234","11710","송파구","122054903","57302439","64752465","21093188","15510644","20893325","20531302","18057087","25969357","32650789","25141067","14095829","14100183","20155079","15911958","17428089","17336431","17299178","17332343","17401919","17650537","17606406"
"20234","11680","강남구","142841188","69618112","73223075","22852696","22596180","28849222","28683803","19085622","20773664","28878111","29590423","21701729","21790471","25274293","15606161","20380088","21530667","21896286","21942246","21630726","18493440","16967734"
"20234","11650","서초구","96389408","46624259","49765150","16183684","13397733","17366858","18813057","13858236","16769841","21466220","20322849","13469318","13414769","16560063","11156188","13849338","14336028","14476089","14509636","14402787","12750650","12064879"
"20234","11620","관악구","128331304","63333872","64997432","13973560","30037222","24622511","18354590","16262033","25081390","36304762","26508208","13752133","13629981","20684536","17451685","18262856","18019368","17943548","17934303","17995606","18950789","19224837"
"20234","11590","동작구","81971608","38572318","43399290","12290251","15419222","13411299","12365941","11050949","17433944","22608293","16990242","9069132","9010480","13324666","10968794","11687921","11617462","11598711","11597913","11592699","11944053","11932850"
"20234","11560","영등포구","110261973","53586673","56675300","13265262","16240312","21498555","18941486","17122620","23193738","27374993","22881006","13782890","13835104","18574433","13813546","15730840","15757432","15801988","15809615","15858368","15664568","15639161"
"20234","11545","금천구","36226369","17902374","18323995","4024484","5110846","6558863","5870015","6114376","8547786","9942246","7520894","4104155","4078860","5798278","4781935","5226872","5171462","5162996","5162415","5126775","5119758","5256091"
"20234","11530","구로구","79774854","38645917","41128937","11314503","9701219","13331541","13591751","12873803","18962036","21401724","16400079","9163859","9206845","13137718","10464627","11446538","11312780","11294361","11294056","11242812","11427824","11756483"
"20234","11500","강서구","114009197","53474881","60534316","18427990","15366950","20644209","19061487","15498563","25009996","31731878","23744270","12755170","12582907","18070921","15124051","16331040","16189285","16147076","16139704","16121655","16438770","16641667"
"20234","11470","양천구","77616778","36431949","41184827","16579489","8436365","10586439","13111467","11757799","17145218","21651907","15920607","8519773","8511951","12563509","10449030","11090948","10962602","10909543","10899725","10953713","11327907","11472341"
"20234","11440","마포구","115857141","52722258","63134881","15890418","23759569","22548400","19670166","14922731","19065857","28492312","23194902","14409390","14802600","20308793","14649142","16391889","16460613","16516058","16567171","16697397","16826633","16397381"
"20234","11410","서대문구","96533352","43806283","52727068","13254796","18730214","15925299","15976505","13792719","18853822","23952511","20337772","12283616","12271928","15824438","11863087","13897189","14108672","14172203","14210578","14012629","13156439","12975643"
"20234","11380","은평구","99442931","44616227","54826704","15888750","12729858","14994049","16253730","15342151","24234393","28443151","20516569","10601884","10533200","15828824","13519302","14221579","13967573","13894748","13878196","13934934","14644638","14901262"
"20234","11350","노원구","96648244","44558745","52089499","17656784","13422549","11692411","14543081","15169159","24164261","25758259","19748170","11105872","11192193","16182620","12661130","13754296","13593996","13558933","13563698","13595837","14209077","14372408"
"20234","11320","도봉구","63548031","29403068","34144963","10018434","7588421","8198392","9343454","10419820","17979511","17455381","13181730","7122961","7091789","10279801","8416368","9095061","8953628","8881711","8879805","8878949","9294236","9564642"
"20234","11305","강북구","95197227","43912481","51284745","13674849","13474241","12235337","14119743","15515290","26177767","26046601","19541990","10762069","10736872","15490240","12619457","13605389","13421011","13374083","13366191","13388359","13890959","14151234"
"20234","11290","성북구","120888135","54987678","65900457","21137691","21567286","16315756","18059354","17703234","26104815","32175554","24846703","13942871","13998786","20076721","15847500","17307272","17201337","17185363","17162705","17035003","17399410","17597046"
"20234","11260","중랑구","97500881","45839888","51660995","13678715","12692468","15213216","14775557","16154648","24986280","27397233","19996789","10676597","10642247","15738327","13049688","13954730","13696402","13604587","13625132","13654524","14323536","14641972"
"20234","11230","동대문구","107548397","50738801","56809595","14109932","23423759","15303911","15612587","14995923","24102284","27889158","22691369","13103638","12884323","17391836","13588071","15370825","15410199","15407341","15390885","15293408","15361355","15314383"
"20234","11215","광진구","93233642","43391651","49841992","13757037","18290572","15569996","14147908","13221855","18246275","26042904","19182049","10192660","10160502","15134221","12521307","13317170","13184517","13141670","13158323","13237235","13580810","13613919"
"20234","11200","성동구","74398165","35165030","39233134","9872428","13234025","13518830","12234379","10840867","14697638","18344232","15480635","9300986","9442319","12643779","9186213","10610928","10707892","10758580","10769925","10760253","10490916","10299673"
"20234","11170","용산구","63716168","30383077","33333090","7745800","10140983","12799541","11319445","9160020","12550377","16204780","13368367","7879831","7826696","10464072","7972423","9043208","9060541","9104027","9114938","9160653","9157722","9075079"
"20234","11140","중구","60590175","29720254","30869922","5103464","10307289","12192771","11016987","9846734","12122929","10902683","12672729","10048900","10006907","10832301","6126657","8789532","9248845","9439510","9453615","9294180","7450726","6913769"
"20234","11110","종로구","68732339","33030679","35701660","7553861","13333356","10921237","10999779","11206994","14717112","13621824","13977373","10715230","10792301","12271743","7353869","9773879","10081319","10300224","10284533","10225101","9320061","8747220"
"20233","11740","강동구","106643794","49995629","56648165","18108874","12684738","16412002","17460950","15986237","25990992","29201112","22013569","12122016","12075661","17182491","14048948","15235823","15166520","15124929","15065270","14996221","15281218","15773813"
"20233","11710","송파구","120476997","56498808","63978189","20708811","15661121","20612632","20182559","17735770","25576102","32187367","24769901","13956715","13948520","19869148","15745345","17280370","17224386","17172505","17097436","17025201","17185317","17491780"
"20233","11680","강남구","145280452","70962346","74318106","23999032","23694978","29150167","28731296","18959802","20745177","29200066","30230402","22177776","22284971","25659182","15728054","21911417","22061217","22240769","21746981","21481680","18394263","17444124"
"20233","11650","서초구","96511523","46590380","49921143","16237198","13788884","17386780","18613563","13681166","16803933","21585201","20402194","13503852","13423125","16458780","11138372","14446794","14434755","14509418","14237740","14123909","12510480","12248426"
"20233","11620","관악구","128048887","63180084","64868804","14056253","30289992","24518324","18182477","16043159","24958684","36077455","26339709","13783993","13689491","20721597","17436644","18128102","18080501","17963630","17909628","17808879","18685431","19472717"
"20233","11590","동작구","81663332","38361295","43302037","12258209","14915584","13475672","12321003","11043134","17649728","22523488","16924029","9049515","9008058","13244531","10913712","11653099","11628356","11594081","11520962","11452752","11744831","12069250"
"20233","11560","영등포구","108538800","52739607","55799196","13070315","16168473","21207004","18560289","16820530","22712189","26966954","22525458","13557064","13615266","18250145","13623913","15693173","15609122","15619984","15490348","15486754","15163848","15475573"
"20233","11545","금천구","36612906","18100760","18512145","4058524","5292333","6628622","5875457","6159319","8598652","9986149","7588401","4174871","4160445","5874705","4828335","5287832","5243284","5227513","5211788","5185666","5134096","5322727"
"20233","11530","구로구","79531085","38568693","40962393","11127972","9880943","13427159","13513364","12789604","18792041","21219311","16318836","9189247","9250856","13130292","10422543","11380374","11327045","11301685","11279530","11206338","11282211","11753901"
"20233","11500","강서구","113105133","52939251","60165883","18125243","15564276","20527952","18796887","15233942","24856834","31454267","23509690","12670929","12506094","17928824","15035329","16189914","16123617","16079997","15989386","15885091","16167066","16670065"
"20233","11470","양천구","77265756","36218536","41047219","16385338","8712752","10554063","12967485","11627639","17018478","21460557","15797825","8531993","8532282","12545409","10397690","11001202","10941141","10905999","10896479","10856441","11175914","11488579"
"20233","11440","마포구","114208917","51943288","62265629","15602400","23219970","22337740","19445562","14666277","18936969","28121285","22867169","14237308","14598077","19947122","14437957","16387774","16367549","16387323","16253823","16276038","16293340","16243071"
"20233","11410","서대문구","93385346","42584227","50801118","12900904","17472727","15524130","15545226","13417173","18525185","23210014","19683577","11873409","11882355","15257003","11478986","13691310","13730881","13728231","13578005","13394142","12566628","12696149"
"20233","11380","은평구","98440429","44143583","54296846","15754354","12766048","14776934","15963636","15089683","24089773","28007379","20233221","10574393","10519925","15709764","13395746","13960076","13884462","13805378","13810018","13771402","14391014","14818081"
"20233","11350","노원구","95091503","43677465","51414038","17335241","13064366","11480211","14223955","14902941","24084788","25233548","19306543","10969505","11080973","15983380","12517555","13486788","13429757","13398724","13353405","13332024","13875155","14215651"
"20233","11320","도봉구","62935824","29126968","33808856","9835630","7526177","8130095","9229223","10308883","17905815","17177073","12982813","7078070","7078936","10255144","8363790","8914154","8861644","8811028","8863496","8823851","9164714","9496936"
"20233","11305","강북구","95208377","43959313","51249063","13431428","13406086","12246728","14110019","15548230","26465886","25948559","19464568","10793716","10796895","15550435","12654202","13529302","13468241","13408347","13394329","13408913","13814482","14184764"
"20233","11290","성북구","117624977","53656478","63968499","20398906","20030483","16078527","17744138","17394417","25978506","31411507","24098983","13501656","13578782","19524524","15509525","16809298","16761066","16720494","16659272","16493327","16801330","17380193"
"20233","11260","중랑구","96677469","45293069","51384398","13426706","12775369","15096451","14564898","16008975","24805070","26971120","19691141","10643864","10641411","15720759","13009175","13692502","13625735","13554558","13583171","13550642","14094323","14576537"
"20233","11230","동대문구","103704520","49274218","54430301","13595040","20977736","15031009","15303153","14775208","24022373","26872878","21823843","12611608","12435397","16808397","13152396","14942780","14894391","14869875","14772500","14612349","14665674","14946952"
"20233","11215","광진구","91012372","42323569","48688801","13493081","17471105","15269783","13881224","12955388","17941791","25348867","18609105","9965066","9962103","14835787","12291442","13005271","12938930","12889792","12828806","12802377","13111662","13435535"
"20233","11200","성동구","72712899","34346496","38366404","9607010","12758153","13199893","11952426","10618832","14576586","17821127","15111813","9106911","9245440","12422627","9004982","10546687","10530038","10552901","10454064","10401284","10102794","10125132"
"20233","11170","용산구","63238612","30185551","33053061","7587993","10118990","12777200","11136778","9076371","12541280","16052630","13250227","7839950","7787556","10377961","7930288","9065972","9044436","9060605","8998340","9022969","8948902","9097388"
"20233","11140","중구","58458194","28777883","29680311","4755223","9817075","11937345","10708081","9514893","11725577","10589467","12379500","9691878","9595451","10287972","5913926","8974640","9015969","9094896","8909879","8782641","7072707","6607459"
"20233","11110","종로구","66318125","31968453","34349672","7091839","12461661","10692464","10722141","10941341","14408681","13284932","13645825","10241098","10286767","11748125","7111381","9803140","9866964","9941544","9772890","9725534","8854396","8353656"
"20232","11740","강동구","106595818","49917802","56678016","18121469","12468234","16526409","17579251","16039816","25860641","29373156","22011911","11994160","11959616","17150849","14106126","15196780","15128876","15095472","15048464","15120588","15358536","15647104"
"20232","11710","송파구","120744535","56589060","64155475","20692070","15521186","20911499","20355567","17742376","25521836","32344933","24787432","13904201","13925406","19965618","15816944","17229240","17179927","17143106","17166336","17229006","17380001","17416919"
"20232","11680","강남구","144340910","70674862","73666048","23058871","23412802","29534787","28760876","18801946","20771627","29098972","30019283","21916098","22052670","25533205","15720681","21015421","21766953","22196090","22221533","21606063","18419765","17115084"
"20232","11650","서초구","97423941","47037443","50386501","16446500","13645802","17623640","18798493","13815344","17094164","21831580","20559094","13552922","13512268","16670810","11297266","14197776","14488901","14651836","14650498","14391044","12784379","12259508"
"20232","11620","관악구","129493663","63853140","65640523","14217116","31029160","24807995","18317834","16147239","24974320","36598509","26655751","13817335","13729677","20976098","17716290","18340220","18230900","18129078","18079153","18204281","19039255","19470774"
"20232","11590","동작구","83988363","39448562","44539801","12850289","15780069","13808782","12539011","11186294","17823916","23170542","17433855","9291329","9237597","13633442","11221596","11983268","11957252","11920558","11888802","11877506","12122989","12237986"
"20232","11560","영등포구","108158325","52649875","55508451","13104441","16072601","21169751","18489674","16746121","22575738","26997655","22381330","13401060","13485761","18210713","13681808","15462114","15488813","15574822","15535246","15532869","15223267","15341194"
"20232","11545","금천구","37217378","18419768","18797611","4113696","5416839","6820376","5991293","6220045","8655128","10201532","7702035","4204778","4193578","5986097","4929355","5355666","5329972","5320490","5303994","5286764","5242783","5377708"
"20232","11530","구로구","79078197","38237750","40840448","11176009","9866527","13399410","13461192","12708099","18466958","21258626","16194475","9028991","9093926","13071569","10430609","11295424","11245415","11244463","11217330","11195590","11266264","11613713"
"20232","11500","강서구","112643302","52689057","59954243","18024710","15445698","20730058","18688213","15168829","24585794","31453366","23401003","12521734","12364790","17870447","15031962","16092645","16020555","15987965","15942791","15963554","16172987","16462803"
"20232","11470","양천구","76633616","35905080","40728536","16290337","8537396","10574042","12988259","11540722","16702861","21443507","15684629","8358575","8366800","12433301","10346804","10915684","10842263","10797037","10768293","10830076","11146238","11334025"
"20232","11440","마포구","115686675","52732631","62954043","15801185","23896823","22653080","19703262","14727411","18904914","28653231","23219145","14363014","14691114","20133329","14626841","16421042","16547731","16594329","16621557","16675002","16612408","16214606"
"20232","11410","서대문구","94482662","42823297","51659366","13647012","18410792","15441805","15378761","13298106","18306185","23685630","19885852","11881265","11896836","15439500","11693580","13655926","13837659","13907033","13919247","13640730","12792156","12729913"
"20232","11380","은평구","98028049","43945587","54082462","15845866","12586867","14764525","15932739","14989867","23908185","27980359","20169535","10435263","10399624","15654641","13388628","13950868","13819897","13734829","13706204","13800255","14372976","14643021"
"20232","11350","노원구","94876839","43674797","51202042","17444014","13248980","11457194","14124625","14778816","23823209","25202170","19261936","10895763","11022541","15972617","12521813","13490005","13406359","13354051","13315441","13388331","13863420","14059234"
"20232","11320","도봉구","63347601","29288173","34059427","9985405","7645309","8222739","9294723","10308527","17890896","17414480","13058521","7057816","7058279","10293707","8464798","9019330","8945621","8888520","8878403","8903319","9224576","9487832"
"20232","11305","강북구","95336386","43885417","51450968","13610491","13472633","12224989","14159011","15516448","26352814","26141507","19477868","10724221","10718496","15557659","12716635","13572964","13506940","13416165","13392641","13481159","13856099","14110419"
"20232","11290","성북구","120785905","54876812","65909092","21520588","21589958","16315665","17885364","17423784","26050545","32158422","24729392","13865633","13964514","20132068","15935875","17323124","17232756","17198472","17170616","17040683","17280392","17539861"
"20232","11260","중랑구","96598350","45256354","51341996","13385097","12845344","15092265","14495368","16048721","24731556","27018317","19659146","10562856","10578475","15734569","13044988","13753023","13621238","13524064","13515542","13591145","14133548","14459789"
"20232","11230","동대문구","107562233","50837082","56725152","14396446","23478993","15239906","15460050","14823332","24163507","27928816","22630630","13061518","12866468","17417694","13657106","15456887","15472764","15454397","15430167","15276674","15212303","15259041"
"20232","11215","광진구","92598965","43026562","49572402","13874034","18261298","15603410","13979523","13047553","17833146","25809427","18883972","10090103","10105100","15165500","12544865","13214527","13138792","13075119","13077125","13125949","13419054","13548396"
"20232","11200","성동구","73197584","34538011","38659574","9735461","13226314","13262682","11939969","10546444","14486716","17836798","15205292","9196158","9350818","12557030","9051489","10497888","10573745","10618596","10598378","10558317","10247164","10103499"
"20232","11170","용산구","63775628","30357712","33417914","7775149","10229262","12935908","11196721","9116400","12522188","16153053","13396059","7920083","7870094","10466557","7969781","9067056","9134119","9164607","9164735","9153336","9037996","9053777"
"20232","11140","중구","60438347","29766992","30671356","5216592","10179950","12166569","10948947","9789619","12136671","10921867","12728221","10062308","9946685","10647699","6131567","8939613","9253956","9475097","9493320","9175367","7328912","6772084"
"20232","11110","종로구","69035534","33128180","35907354","7669486","13261873","10882904","10996275","11248242","14976753","13750256","14153061","10771305","10729301","12234470","7397139","9944893","10157624","10365115","10382746","10243346","9264914","8676894"
"20231","11740","강동구","108684950","50953642","57731310","18440337","12856059","16759434","17768940","16357677","26502505","29690941","22506580","12361028","12268189","17531717","14326496","15378799","15387061","15450259","15375341","15397014","15719399","15977077"
"20231","11710","송파구","123625232","58068767","65556465","21253809","15940208","21355012","20673270","18134698","26268233","32823883","25458906","14439287","14397052","20426176","16079928","17556114","17575965","17659619","17651709","17662405","17759672","17759747"
"20231","11680","강남구","145747421","71367596","74379825","23201142","23962997","29835463","28839092","18884890","21023837","28924166","30114422","22346964","22514662","26050377","15796830","21417673","22011999","22077150","22487051","22177352","18566633","17009564"
"20231","11650","서초구","98877795","47774992","51102803","16442687","14007934","17878326","19040836","13985415","17522595","21908095","20751957","13921884","13852326","17018789","11424745","14444079","14687712","14718222","14918215","14831477","12980205","12297885"
"20231","11620","관악구","130473712","64351129","66122582","14163220","30921289","24794004","18506197","16380236","25708765","36589330","26760243","14053067","13999916","21252378","17818778","18240461","18286227","18388747","18265660","18305598","19296851","19690168"
"20231","11590","동작구","86213513","40538032","45675481","12862304","15625284","14287734","12992289","11639492","18806411","23700437","17998826","9605899","9514166","13971482","11422704","12177693","12201187","12234406","12184495","12190254","12561534","12663946"
"20231","11560","영등포구","110054515","53586360","56468154","13385768","16274654","21454774","18727178","17129872","23082270","27343681","22806734","13732564","13788719","18553442","13829376","15692556","15738863","15800619","15793399","15867036","15555126","15606917"
"20231","11545","금천구","38374161","18974350","19399813","4401953","5589514","6938978","6135489","6367759","8940467","10438426","7966924","4390666","4361464","6160774","5055907","5503624","5472233","5483727","5457895","5438416","5432707","5585558"
"20231","11530","구로구","79623808","38469519","41154289","11212906","9976798","13416525","13557790","12763708","18696081","21287617","16332263","9192139","9203175","13158823","10449793","11330272","11283168","11309871","11261841","11264748","11395402","11778507"
"20231","11500","강서구","115242542","54016569","61225974","18285005","15880606","21146546","19037090","15472174","25421120","31826595","23993833","12979434","12813526","18370984","15258169","16338195","16334161","16395598","16290603","16289784","16657870","16936332"
"20231","11470","양천구","77922212","36530591","41391621","16517281","8882342","10695056","13093614","11754635","16979283","21653162","15946607","8595865","8587679","12651159","10487742","11010198","10995853","11030513","10982256","11024037","11363543","11515811"
"20231","11440","마포구","117260386","53598212","63662173","16139864","23721111","22904987","19944489","15022126","19527809","28731774","23516545","14670637","15064634","20518916","14757881","16575303","16748244","16811183","16857220","16932302","16900453","16435683"
"20231","11410","서대문구","94579090","43163342","51415748","13568059","17500970","15574087","15589594","13559910","18786468","23730604","19909049","11884424","11894940","15476803","11683270","13686364","13787047","13784198","13859797","13703802","12910514","12847368"
"20231","11380","은평구","100101059","45084393","55016664","16170549","12915661","15001876","16081283","15295773","24635918","28350979","20641844","10772631","10697639","16020412","13617551","14115461","14070129","14100634","14007463","14050565","14738877","15017929"
"20231","11350","노원구","96453857","44550733","51903123","17708965","13197614","11613845","14384562","15096073","24452797","25486664","19617769","11155212","11271970","16247866","12674377","13614057","13584993","13618725","13554810","13601820","14163902","14315549"
"20231","11320","도봉구","64902963","30202106","34700856","10290925","7723726","8426205","9548054","10469829","18444224","17738983","13424217","7300190","7270808","10539459","8629307","9177559","9130410","9133513","9083273","9083219","9509204","9785784"
"20231","11305","강북구","97300941","45007806","52293135","13756816","13530831","12400400","14512226","15846104","27254564","26471651","19893840","11041333","11027842","15932853","12933419","13756602","13695780","13723144","13638787","13709040","14250213","14527375"
"20231","11290","성북구","120107872","55020501","65087371","21220978","20355712","16518626","18017911","17531450","26463195","31908549","24660088","13854495","13895235","19986443","15803062","17039923","17035766","17040967","17038628","16981415","17358128","17613046"
"20231","11260","중랑구","98823560","46422576","52400984","13789666","13026911","15273989","14755625","16496999","25480369","27443463","20202215","10906388","10891978","16101745","13277771","13945147","13875109","13881971","13814683","13863606","14543604","14899442"
"20231","11230","동대문구","105938883","50332753","55606131","13841775","21472316","15300774","15548076","14964805","24811135","27292212","22235283","12995963","12815291","17195176","13404960","15093108","15157972","15144510","15153735","15099939","15145127","15144490"
"20231","11215","광진구","92762592","43252760","49509831","13717693","17679260","15679506","14081052","13365234","18239844","25728371","18957173","10175675","10162911","15204879","12533581","13110808","13124215","13162605","13103891","13140332","13520613","13600128"
"20231","11200","성동구","74270974","35058347","39212626","9924433","12988554","13466058","12061987","10793956","15035987","18015068","15460973","9380714","9510561","12759900","9143757","10624436","10698866","10759214","10784238","10760121","10400628","10243471"
"20231","11170","용산구","63770566","30403540","33367026","7591374","10089606","12979857","11221431","9170708","12717589","16188536","13451877","7924910","7867210","10417957","7920074","9045933","9118880","9153516","9156410","9164785","9063219","9067822"
"20231","11140","중구","59566014","29553436","30012577","4885395","10037184","12023873","10882560","9693164","12043837","10762823","12520309","9910942","9868945","10496028","6006966","8901603","9110257","9124285","9312367","9148014","7293475","6676012"
"20231","11110","종로구","68350496","33052311","35298185","7213194","12856265","10872252","11088714","11262697","15057374","13603368","13870096","10641646","10762116","12159169","7314102","9871395","10058891","10129208","10213808","10143154","9308364","8625677"
"20224","11740","강동구","107789373","50405496","57383877","18269134","12615814","16754767","17640624","16271665","26237369","29621021","22273359","12165289","12105979","17374875","14248849","15438948","15277408","15274745","15200813","15221885","15525694","15849880"
"20224","11710","송파구","122898991","57611543","65287448","21231867","15650858","21461225","20573739","18068191","25913111","32823667","25271747","14234470","14221292","20291596","16056221","17581245","17497712","17500782","17453160","17525068","17639178","17701846"
"20224","11680","강남구","143390286","70147871","73242415","22159557","23620165","29596542","28372899","18674091","20967033","28933447","29611687","21735415","21917365","25535901","15656471","20702473","21865079","21877551","21904824","21612237","18381940","17046182"
"20224","11650","서초구","97694530","47201997","50492533","16278162","13705657","17675637","18841691","13816371","17377013","21764065","20467143","13649782","13624364","16835273","11353901","14138417","14636774","14625881","14632385","14545560","12835675","12279840"
"20224","11620","관악구","129482971","63781424","65701547","13928388","30505184","24620321","18460420","16235664","25732994","36400770","26612771","13906831","13843266","21036376","17682956","18450895","18132117","18146830","18079075","18139776","19011624","19522654"
"20224","11590","동작구","86056190","40471391","45584800","12902421","15936476","14235543","12929988","11503712","18548051","23657474","17922618","9561366","9477602","13973223","11463906","12297937","12193198","12220208","12162364","12178903","12448946","12554634"
"20224","11560","영등포구","109321059","53252579","56068480","13359576","16104007","21351139","18627467","17006995","22871876","27304755","22630767","13555079","13639780","18410560","13780116","15615726","15660795","15678977","15623390","15693901","15463346","15584923"
"20224","11545","금천구","37700570","18615911","19084660","4268147","5507790","6845880","6001672","6294599","8782483","10293351","7812095","4276315","4264485","6064627","4989697","5446868","5394190","5386226","5365468","5343195","5311428","5453196"
"20224","11530","구로구","78583455","37982374","40601082","11030327","9823651","13252387","13453364","12606171","18417556","21112377","16114253","9009670","9051882","12961691","10333584","11288413","11145445","11169331","11122787","11081032","11199645","11576806"
"20224","11500","강서구","114441017","53694232","60746785","18351983","15677159","21034326","18892277","15307382","25177892","31714567","23795092","12823477","12661357","18234172","15212352","16416314","16217531","16228024","16171325","16168078","16449396","16790348"
"20224","11470","양천구","76551500","35824448","40727052","16168201","8589014","10612153","12907900","11574805","16699426","21421173","15681336","8365748","8375025","12381591","10326625","10961374","10801086","10788158","10755807","10788460","11125184","11331431"
"20224","11440","마포구","116023747","53094468","62929280","15696880","23861279","22637634","19714938","14752423","19360592","28538377","23298352","14453988","14806602","20260537","14665893","16432815","16576722","16603854","16606707","16720042","16692968","16390639"
"20224","11410","서대문구","94956260","43150591","51805669","13687717","18244484","15457194","15371172","13466571","18729121","24035503","19945772","11840090","11827001","15488913","11818983","13706365","13862754","13885770","13887422","13707580","12948668","12957704"
"20224","11380","은평구","99443890","44707981","54735909","16312244","12600575","14933084","15944042","15094220","24559724","28283848","20503119","10625716","10564194","15887554","13579460","14224138","13968461","13971511","13901583","13959455","14545714","14873027"
"20224","11350","노원구","96345410","44399576","51945833","17862661","13235055","11540973","14401527","14993656","24311539","25529404","19602391","11088605","11220992","16219919","12684102","13722487","13564758","13588802","13550836","13588192","14070371","14259964"
"20224","11320","도봉구","64574925","29895617","34679309","10303577","7701886","8399151","9500394","10381014","18288906","17678140","13322242","7232824","7224110","10501112","8616496","9239921","9095850","9090738","9055151","9051763","9387170","9654331"
"20224","11305","강북구","96763701","44601151","52162551","13731630","13561961","12296382","14391005","15708904","27073819","26412534","19768135","10924821","10928626","15825402","12904183","13822969","13651509","13627373","13577988","13635763","14075710","14372390"
"20224","11290","성북구","120387484","55046738","65340748","21123080","21317424","16493705","17999886","17296627","26156762","32090526","24682041","13813415","13900783","20028650","15872069","17235046","17115165","17131615","17089255","16960407","17259075","17596920"
"20224","11260","중랑구","97958502","45931643","52026859","13602382","12917254","15158415","14673901","16365195","25241353","27280956","19982082","10755046","10757939","15975372","13207107","14003026","13751597","13752257","13706952","13745772","14314352","14684545"
"20224","11230","동대문구","106753455","50512630","56240825","13932318","22815692","15356516","15326646","14779850","24542432","27645451","22450337","13025016","12832381","17277829","13522439","15308054","15310500","15320394","15285338","15162196","15143494","15223478"
"20224","11215","광진구","92150893","42824062","49326831","13440354","17952953","15499918","13947363","13284464","18025840","25665859","18853663","10070222","10067998","15045610","12447540","13155910","13031129","13032235","13012728","13047405","13367204","13504280"
"20224","11200","성동구","74636033","35196512","39439520","10079491","13243657","13483681","12056822","10744286","15028098","18236868","15511292","9356490","9511938","12782934","9236509","10675605","10796178","10802780","10798583","10778919","10451807","10332161"
"20224","11170","용산구","64038330","30516932","33521397","7786472","10309949","12955694","11230251","9127875","12628089","16222764","13452313","7928674","7879555","10530204","8024819","9086030","9136361","9162216","9171138","9193029","9179061","9110494"
"20224","11140","중구","60436323","30007236","30429086","5073245","10315347","12085217","10949993","9807216","12205304","10942948","12672960","10035246","9974653","10695727","6114790","8794063","9302348","9345583","9385787","9211288","7492033","6905221"
"20224","11110","종로구","69870502","33692273","36178228","7706981","13262209","10942022","11234256","11377639","15347395","13913587","14251545","10927590","10943326","12353135","7481318","9899758","10303085","10416540","10425295","10397998","9525565","8902261"
"20223","11740","강동구","107457752","50200096","57257656","17946261","12901719","16713857","17405292","16316762","26173861","29535680","22164270","12173530","12110873","17290901","14182499","15379346","15318997","15278129","15224447","15195080","15360100","15701655"
"20223","11710","송파구","123093054","57743410","65349644","21174846","16002059","21429643","20467303","18090622","25928580","33046515","25393096","14247814","14207032","20152367","16046232","17657471","17667265","17651414","17600886","17531048","17420878","17564093"
"20223","11680","강남구","144550788","70799311","73751477","23306199","24198588","29342030","28242470","18496798","20964703","29255125","30010011","21896755","22058902","25579215","15750780","21022558","22076126","22260048","22219131","21616434","18268841","17087654"
"20223","11650","서초구","97507224","47065381","50441843","16257076","14094271","17572589","18625682","13637742","17319863","21830433","20562969","13615527","13547132","16657431","11293732","14223606","14676125","14712104","14663809","14420005","12647758","12163816"
"20223","11620","관악구","129599472","63891703","65707769","13972146","30229832","24521199","18505607","16336377","26034312","36286180","26663406","14045220","13976984","21052798","17574885","18448892","18341931","18280998","18202421","18180234","18859656","19285341"
"20223","11590","동작구","84213194","39696432","44516761","12505294","15169839","14018057","12690395","11393853","18435756","23169383","17474965","9366624","9296754","13640812","11264657","12039699","12034439","12006540","11951519","11900813","12058871","12221311"
"20223","11560","영등포구","109080248","53245987","55834261","13282668","16222836","21208047","18467233","16957867","22941598","27289285","22609924","13552797","13632250","18284963","13711028","15674333","15774603","15779299","15705477","15633799","15166739","15345998"
"20223","11545","금천구","37867075","18721837","19145238","4220735","5649639","6825736","6001540","6343417","8826006","10293931","7819917","4329897","4312153","6092985","5018193","5464337","5445074","5427349","5408120","5375429","5311445","5435318"
"20223","11530","구로구","78260049","37799734","40460314","11041186","9810949","13065805","13297555","12560283","18484272","21076196","16069887","8997822","9029766","12836685","10249693","11250480","11188271","11160703","11118521","11061575","11059944","11420554"
"20223","11500","강서구","113206811","53188268","60018543","18120902","15691230","20630273","18604102","15214850","24945456","31138952","23451116","12762990","12620227","18118489","15115040","16234841","16162439","16127670","16064932","15996630","16149684","16470617"
"20223","11470","양천구","77194849","36155564","41039284","16258658","8913547","10671858","12945969","11610486","16794330","21753512","15808987","8468855","8452822","12389035","10321635","11043527","10968604","10907737","10909126","10894203","11138720","11332930"
"20223","11440","마포구","114899120","52580529","62318591","15884872","23464359","22358158","19383007","14595869","19212856","28298706","23062685","14315849","14678110","20057330","14486439","16345078","16548627","16575518","16547060","16512528","16293393","16076914"
"20223","11410","서대문구","93373626","42606228","50767399","13484578","17340538","15282372","15143519","13379651","18742968","23699085","19606054","11590787","11601569","15209806","11666326","13492308","13687038","13704168","13651311","13458748","12676639","12703414"
"20223","11380","은평구","99373464","44773485","54599981","16175173","12749314","14831356","15881438","15079116","24657069","28206571","20423443","10684135","10627224","15885224","13546866","14194046","14031065","14000041","13958382","13980075","14468799","14741057"
"20223","11350","노원구","96448695","44390542","52058152","17868853","13077626","11622809","14402047","15027472","24449886","25551246","19594695","11130729","11262550","16215474","12694002","13751741","13657414","13631758","13591755","13595019","14012483","14208524"
"20223","11320","도봉구","64934302","30149803","34784499","10229724","7778618","8438938","9521854","10496666","18468500","17679519","13353748","7312459","7325695","10606901","8655980","9263845","9166820","9130261","9118586","9135606","9453153","9666033"
"20223","11305","강북구","96872612","44758674","52113938","13574134","13422602","12317233","14473047","15758870","27326727","26433408","19737724","10969144","10972281","15843911","12916145","13830206","13700186","13661992","13629995","13685380","14062146","14302709"
"20223","11290","성북구","117868658","54128188","63740470","20511719","19911292","16312410","17764622","17148965","26219652","31541565","24159065","13486052","13587917","19556242","15537818","16851439","16832230","16823994","16761754","16651821","16822940","17124480"
"20223","11260","중랑구","98199862","45994878","52204985","13482431","13026972","15123372","14699357","16452038","25415692","27353206","19984561","10818259","10824732","16000160","13218946","14033209","13853494","13807156","13772609","13795830","14302432","14635131"
"20223","11230","동대문구","104248006","49618547","54629460","13587235","20933300","15160490","15085653","14761989","24719337","26948125","21917777","12730909","12550710","16907064","13193420","14946790","15032956","15034655","14963333","14837825","14694279","14738168"
"20223","11215","광진구","92114047","42890041","49224008","13345096","17773767","15456074","14042110","13341364","18155639","25659576","18829963","10107727","10106748","15004733","12405301","13165467","13125186","13083873","13053694","13039130","13250858","13395840"
"20223","11200","성동구","73895921","34924948","38970972","10062996","12824778","13353320","11912566","10739197","15003064","18072489","15367989","9261363","9401611","12628879","9163589","10596628","10750129","10769693","10753249","10662076","10228053","10136094"
"20223","11170","용산구","64632066","30907047","33725020","7881276","10534719","13037471","11226850","9123893","12827857","16614983","13520257","7924162","7876075","10555633","8140955","9187541","9251494","9292044","9265812","9268390","9172971","9193813"
"20223","11140","중구","58602926","29153027","29449900","4872098","9967811","11713484","10664461","9536569","11848505","10782779","12488775","9652721","9534053","10199351","5945247","8600333","9085755","9185394","9161450","8859771","7089938","6620285"
"20223","11110","종로구","67884630","32832819","35051811","7368556","12763874","10681738","10989427","11031685","15049351","13702648","13968821","10447711","10471948","11979919","7313583","9730720","10041194","10208570","10188810","10046715","9077252","8591368"
"20222","11740","강동구","109430592","50978634","58451958","18397520","13106994","16942099","17751129","16586399","26646450","30276779","22586636","12293610","12213236","17573334","14486995","15674451","15538155","15521818","15467961","15430258","15699459","16098493"
"20222","11710","송파구","126379573","59142345","67237229","21854961","16447595","22022962","21001685","18477197","26575176","34004245","26032185","14559469","14532641","20756095","16494939","18124155","18025855","17992042","17955165","17975895","18082821","18223642"
"20222","11680","강남구","146029635","71521124","74508512","22791666","24184124","30116443","28760968","18701628","21474807","29742844","30257982","21991878","22149253","25881816","16005865","21560580","22412891","22007767","21884143","21955940","18809032","17399283"
"20222","11650","서초구","100273557","48435498","51838059","16780841","14312059","18206516","19191745","13972547","17809848","22493111","21095637","13941258","13886790","17206326","11650436","14776308","15105849","14877293","14783734","14870898","13212752","12646725"
"20222","11620","관악구","132961363","65417622","67543740","14483688","31112960","25059667","18923506","16646538","26735006","37286163","27369136","14347235","14251684","21620501","18086645","18876677","18683383","18749166","18702919","18624015","19414163","19911038"
"20222","11590","동작구","86511159","40758473","45752686","13080164","15696663","14381119","12887021","11554475","18911717","23733151","17965169","9627615","9545322","14066031","11573868","12396460","12335076","12307741","12249706","12204195","12418778","12599205"
"20222","11560","영등포구","110057211","53784918","56272292","13491280","16384781","21453136","18519346","17074207","23134462","27582881","22819285","13649346","13706639","18462538","13836521","15839767","15876417","15810492","15749686","15791473","15425250","15564129"
"20222","11545","금천구","38465498","18970291","19495206","4292707","5785965","6857783","6118961","6427547","8982533","10494258","7950355","4375143","4356097","6186343","5103300","5566691","5531010","5508834","5484796","5450810","5378940","5544418"
"20222","11530","구로구","79076688","38200783","40875904","11256850","9993878","13194748","13340483","12569030","18721701","21380392","16225518","9033961","9053847","12991615","10391354","11383724","11289767","11254103","11221256","11152628","11159314","11615895"
"20222","11500","강서구","114409176","53777002","60632174","18388464","15802849","20876285","18695810","15318541","25327227","31556268","23735425","12844059","12664365","18306704","15302355","16418169","16281562","16247420","16200518","16140544","16383281","16737681"
"20222","11470","양천구","79748002","37319370","42428633","16902095","9153817","11042759","13389275","11947974","17312080","22511180","16345622","8697778","8685171","12816060","10692191","11390869","11292890","11258365","11234914","11216662","11552943","11801360"
"20222","11440","마포구","116619704","53431300","63188403","16297033","23717119","22708248","19705658","14703142","19488503","28916006","23439341","14422180","14764093","20313723","14764363","16613032","16720223","16658783","16674472","16776008","16751260","16425927"
"20222","11410","서대문구","95215685","43417509","51798176","14119308","17722239","15470899","15328197","13497935","19077109","24143872","19982880","11814331","11801050","15566548","11907005","13822744","13930893","13823925","13813547","13713714","13033577","13077285"
"20222","11380","은평구","101619410","45708032","55911377","16742080","13024453","15211397","16137676","15285362","25218441","28883913","20917388","10893606","10820171","16241496","13862834","14509826","14338385","14321924","14283442","14234484","14780638","15150712"
"20222","11350","노원구","99530579","45826055","53704524","18877021","13617241","11940913","14798264","15276256","25020883","26422511","20267487","11453626","11566097","16706874","13113985","14190943","14074491","14068903","14028982","14000557","14452387","14714315"
"20222","11320","도봉구","66497209","30827846","35669363","10523371","8018522","8640552","9743703","10723962","18847100","18218917","13682880","7443431","7445404","10825817","8880759","9488801","9382885","9360857","9362527","9313389","9638161","9950588"
"20222","11305","강북구","98541307","45333564","53207742","13959928","13567919","12495992","14707676","15949825","27859968","26912417","20098536","11120699","11124863","16127829","13156963","14081234","13924175","13908384","13879527","13876072","14263954","14607962"
"20222","11290","성북구","121460249","55420242","66040007","21525718","20961905","16714506","18153285","17359987","26744847","32395870","24875731","13891552","14014357","20265366","16017374","17392426","17311553","17302347","17268920","17110026","17355679","17719298"
"20222","11260","중랑구","100756172","47046034","53710137","13873761","13379137","15472029","15088412","16825842","26116990","28089531","20507703","11048160","11069602","16448325","13592852","14356637","14173529","14177909","14152727","14119711","14668097","15107563"
"20222","11230","동대문구","108112200","51445326","56666874","14586664","21817645","15555404","15389288","15186017","25577181","27921439","22721360","13186783","13009479","17581525","13691615","15565114","15570000","15509366","15480627","15396773","15259565","15330756"
"20222","11215","광진구","94990472","44155077","50835395","14061042","18511880","15848086","14427726","13587912","18553827","26461894","19416078","10412686","10397450","15507532","12794833","13558809","13455478","13443639","13444078","13427126","13749128","13912213"
"20222","11200","성동구","75781813","35831945","39949868","10419054","13274096","13661572","12225797","10910002","15291293","18444106","15733298","9518934","9688662","13022503","9374314","10915797","10988623","10947545","10927063","10942631","10591350","10468803"
"20222","11170","용산구","66417298","31709827","34707471","8317034","10762412","13347677","11433308","9315565","13241303","17046491","13910898","8129669","8095387","10865863","8368986","9475466","9493667","9472014","9472674","9529391","9502325","9471763"
"20222","11140","중구","60761908","30200849","30561060","5118436","10291870","12080988","11083444","9877066","12310103","11167306","12872713","10039006","9910245","10606543","6166096","9080701","9418335","9263944","9236151","9278679","7547905","6936194"
"20222","11110","종로구","70354417","34131247","36223170","7750003","13041990","11015012","11422654","11418877","15705880","14097692","14450027","10913056","10912441","12426161","7555039","10172819","10434626","10388592","10399213","10443424","9590842","8924901"
"20221","11740","강동구","110865619","52003856","58861762","18368882","13538550","17341142","17909192","16856844","26851009","30207198","22968509","12690838","12565570","17875685","14557817","15683129","15684904","15752993","15668099","15703151","16092512","16280831"
"20221","11710","송파구","126723701","59539559","67184142","21636735","16580799","22092677","20999117","18638660","26775713","33635206","26318068","14896209","14792221","20750449","16331548","18008632","17972490","18089388","18107880","18116527","18211889","18216897"
"20221","11680","강남구","140149206","68661994","71487210","22223679","22688729","28405736","27628310","18134019","21068731","28768987","29101376","21056322","21258562","24800387","15163571","20669524","20622248","20787356","21513137","21384646","18206458","16965835"
"20221","11650","서초구","98533121","47542155","50990968","16495574","13747166","17706862","18948654","13798070","17836798","22311898","20818579","13676732","13596856","16763522","11365535","14451579","14408427","14495226","14827282","14784233","13052082","12514294"
"20221","11620","관악구","133555800","65868406","67687394","14235610","31031670","25323051","19073622","16774865","27116980","36618063","27457789","14785157","14735930","21949047","18009812","18735221","18755492","18867957","18750795","18795975","19692507","19957854"
"20221","11590","동작구","86369338","40691389","45677949","12618988","15346588","14549518","13024787","11721700","19107759","23498286","17938473","9782689","9686884","14016416","11446590","12218215","12238038","12284421","12236035","12227752","12544873","12620005"
"20221","11560","영등포구","109291932","53554252","55737680","13340230","16252632","21376328","18318282","17079336","22925122","27232492","22781281","13679480","13709758","18279961","13608960","15647811","15597009","15676765","15766243","15785440","15419516","15399146"
"20221","11545","금천구","39028282","19273262","19755020","4359604","5886321","6937130","6171247","6538757","9135223","10504689","8073076","4528886","4494645","6288109","5138880","5577477","5581570","5581202","5570698","5552931","5542482","5621921"
"20221","11530","구로구","79909696","38792252","41117444","11290214","10122376","13405666","13473622","12726448","18891370","21300184","16455106","9312716","9283126","13147461","10411101","11361601","11373819","11385116","11324232","11296366","11463121","11705441"
"20221","11500","강서구","116254725","54758529","61496197","18411055","16270752","21271232","18910094","15573482","25818111","31545271","24095761","13274450","13111148","18756185","15471910","16461207","16456205","16532413","16446883","16455682","16873956","17028380"
"20221","11470","양천구","81001994","38077981","42924014","16928577","9495154","11296326","13609881","12117591","17554467","22432077","16642034","9065310","9022251","13068243","10772079","11431683","11458797","11502279","11426797","11461559","11811938","11908941"
"20221","11440","마포구","113723531","52200752","61522779","15786733","22146137","22195838","19474631","14583276","19536918","28015359","23110389","14238973","14566441","19739205","14053165","16143068","16135256","16263698","16391725","16454582","16298038","16037162"
"20221","11410","서대문구","93514626","42946651","50567976","13446679","16666063","15426720","15251485","13539211","19184467","23611866","19562156","11616487","11583750","15415565","11724801","13472894","13444608","13491633","13576365","13560532","12992573","12976024"
"20221","11380","은평구","103625410","46846109","56779302","16849349","13429934","15692747","16486645","15582722","25584013","28907511","21367061","11399331","11307789","16666357","13977359","14615474","14631864","14665313","14509426","14542819","15225041","15435475"
"20221","11350","노원구","100644466","46476509","54167956","18709728","13603752","12197163","15126458","15590356","25417007","26407118","20556786","11758431","11873845","16918126","13130162","14195080","14207364","14259729","14153844","14190140","14770371","14867936"
"20221","11320","도봉구","66984664","31140588","35844075","10354402","8193754","8766852","9834100","10866878","18968677","18048216","13818193","7650477","7633529","10946513","8887738","9457853","9501350","9480704","9383335","9383734","9796818","9980871"
"20221","11305","강북구","99870302","46297014","53573288","13781817","13594341","12870087","14951364","16196099","28476594","26873641","20401644","11465356","11486021","16439237","13204402","14123116","14143149","14140285","14025921","14067773","14589208","14780849"
"20221","11290","성북구","118067924","54154790","63913134","20282182","19518504","16552165","17965322","17149429","26600322","31030883","24273781","13778912","13832103","19721273","15430970","16689978","16756119","16819639","16765293","16681707","17098778","17256408"
"20221","11260","중랑구","102401242","48031073","54370169","13976630","13666473","15765078","15298264","17121161","26573634","28065366","20920641","11502218","11476952","16758239","13677823","14433494","14447523","14468825","14330107","14345082","15063354","15312858"
"20221","11230","동대문구","105728950","50640914","55088036","13828169","20132689","15619365","15367256","15220389","25561083","27007570","22160463","13041924","12883021","17263335","13372636","15079731","15060945","15103250","15128295","15127147","15120170","15109413"
"20221","11215","광진구","94688581","44189305","50499277","13683047","17907890","16060363","14492727","13800624","18743931","26099160","19480083","10555995","10504587","15437863","12610896","13384067","13385686","13452533","13412187","13444259","13758101","13851751"
"20221","11200","성동구","75380060","35900322","39479737","10318914","12633883","13628308","12246746","11022951","15529258","18322899","15733436","9547483","9628789","12876614","9270837","10800375","10804802","10866488","10944076","10925288","10579590","10459440"
"20221","11170","용산구","65112295","31122415","33989880","7931379","10194420","13073000","11279177","9288924","13345394","16788382","13708459","7970415","7913831","10592840","8138369","9277176","9268054","9325634","9363912","9374584","9251334","9251601"
"20221","11140","중구","56147459","28135601","28011860","4533645","9421691","11181598","10272268","9203238","11535019","10657334","11899113","9113872","9082007","9726977","5668156","8422016","8379766","8406686","8723738","8680339","7026198","6508717"
"20221","11110","종로구","64579681","31689128","32890554","6860851","11763848","10101696","10601330","10701303","14550652","13509953","13314553","9740160","9862936","11222190","6929889","9420492","9436892","9477760","9679143","9648814","8674894","8241688"
"20214","11740","강동구","111014834","51971590","59043244","18868157","13421043","17292400","17934676","16842912","26655645","30455928","22939342","12580298","12480719","17890663","14667884","15867437","15778033","15769504","15709059","15717248","15966175","16207379"
"20214","11710","송파구","125908617","59029402","66879214","21478110","16634174","21866926","20844880","18560037","26524489","33528514","26029607","14688690","14644555","20688521","16328728","18006761","17992882","17977354","17973738","17964537","17977372","18015973"
"20214","11680","강남구","141200009","68973033","72226978","21389839","23367968","29109697","27798354","18214190","21319963","28910755","29213963","21233354","21424094","25042769","15375075","20486721","21481191","21524690","21497195","21126091","18168545","16915576"
"20214","11650","서초구","99560677","48003023","51557654","16394613","14042922","18054571","19143669","13892906","18031996","22528209","20984155","13803561","13743449","16964173","11537129","14462604","14914615","14914246","14900285","14753836","13070925","12544166"
"20214","11620","관악구","131082454","64492665","66589789","14209253","30131051","24740092","18755782","16452187","26794092","36301305","27018835","14347144","14280670","21409680","17724821","18631042","18449079","18442119","18418872","18429884","19180846","19530613"
"20214","11590","동작구","85574567","40189693","45384872","12518886","15215565","14339946","12884512","11571349","19044307","23560981","17737255","9568947","9488563","13810710","11408112","12213879","12151512","12136161","12104997","12107010","12366511","12494497"
"20214","11560","영등포구","107849117","52677583","55171535","13162411","16057438","21073715","18049919","16793404","22712233","26963000","22475585","13440248","13457826","18028441","13484019","15447484","15579048","15553597","15534651","15524080","15096345","15113913"
"20214","11545","금천구","38748740","19021257","19727483","4299415","5784495","6882081","6191206","6460020","9131522","10477694","7998829","4466573","4443734","6250746","5111164","5577050","5564472","5551094","5534042","5508497","5449503","5564082"
"20214","11530","구로구","78698310","38069989","40628321","11203670","10002503","13141999","13268256","12416001","18665882","21100103","16164547","9092345","9094817","12960850","10285650","11265871","11227356","11215017","11177711","11135460","11172317","11504579"
"20214","11500","강서구","114843767","54041316","60802452","18496469","15928523","20763865","18641321","15463671","25549917","31429522","23818960","13004279","12837809","18441512","15311684","16433575","16314859","16290227","16264348","16260800","16514801","16765158"
"20214","11470","양천구","80009867","37481446","42528420","16903514","9288944","11055383","13437254","11916646","17408125","22363018","16396915","8841293","8815455","12890388","10702798","11419604","11334897","11306176","11299752","11323254","11578810","11747374"
"20214","11440","마포구","114118315","52361063","61757254","15594322","22588843","22295968","19529283","14608336","19501563","28248205","23136721","14216276","14501259","19755360","14260494","16225495","16339695","16391023","16398138","16422520","16300624","16040823"
"20214","11410","서대문구","93134304","42711246","50423058","13327318","16779138","15431838","15175218","13405238","19015554","23569877","19523569","11549222","11502521","15305444","11683671","13402033","13539918","13528491","13518531","13426970","12866473","12851888"
"20214","11380","은평구","101701882","45811115","55890767","16819156","12989485","15252608","16123912","15237677","25279045","28672267","20956065","11046336","10962936","16273963","13790314","14505222","14329715","14305770","14287266","14312623","14835046","15126243"
"20214","11350","노원구","100993226","46480189","54513037","18854680","13713825","12153608","15145875","15590265","25534976","26717777","20624016","11681270","11788654","16930086","13251424","14364856","14273227","14258212","14230213","14263845","14713994","14888878"
"20214","11320","도봉구","66425922","30689500","35736422","10344786","8152400","8624297","9736823","10697577","18870039","18055280","13713114","7506126","7489316","10819731","8842355","9478930","9370676","9349188","9339138","9344301","9659114","9884574"
"20214","11305","강북구","99016815","45585290","53431523","13785064","13364679","12732419","14830761","15940186","28363705","26822762","20201592","11286719","11305016","16244351","13156374","14120008","13995378","13977355","13935927","13976451","14375189","14636507"
"20214","11290","성북구","118748595","54225562","64523034","20526464","19971202","16504269","17961272","17032174","26753216","31445199","24365223","13710992","13807060","19821169","15598951","16919838","16861516","16871430","16833410","16802135","17112580","17347687"
"20214","11260","중랑구","101138502","47229536","53908965","14053748","13484962","15417452","15087312","16877722","26217305","27965569","20626071","11229347","11226354","16521262","13569899","14404925","14244220","14215367","14190221","14216089","14772221","15095459"
"20214","11230","동대문구","105445663","50481375","54964288","13734775","20475501","15437488","15240614","15084310","25472975","27043863","22213057","12963617","12768286","17134846","13321993","15105575","15137579","15131389","15096050","15016004","14969620","14989444"
"20214","11215","광진구","92811161","43237667","49573493","13451533","17661542","15682311","14183970","13531613","18300192","25844380","19046895","10205214","10173791","15084208","12456671","13243213","13156856","13155210","13152034","13173219","13410056","13520572"
"20214","11200","성동구","75874853","36137074","39737779","10354152","12889689","13703735","12278266","11116964","15532046","18461598","15825753","9586013","9693868","12966574","9341048","10874240","10981756","10996904","10996344","10941168","10598712","10485729"
"20214","11170","용산구","65725589","31362458","34363131","7920065","10447886","13213386","11393618","9343992","13406640","16907898","13837313","8043873","7996474","10712847","8227182","9355380","9406803","9431933","9411295","9458569","9349749","9311860"
"20214","11140","중구","57926596","28988601","28937995","4518557","9679803","11638886","10610962","9559447","11918940","10762155","12202267","9537477","9503545","10098695","5822458","8483016","8894243","8945853","8918692","8818889","7247612","6618291"
"20214","11110","종로구","66974979","32910424","34064555","7045721","12130183","10604205","11097772","11063132","15033965","13808724","13727475","10215553","10319303","11693668","7210257","9613290","9923486","10014918","9986587","9874485","9066927","8495286"
"20213","11740","강동구","112706627","52853571","59853056","18982203","13845546","17586932","18220621","17078117","26993208","30776800","23237607","12851768","12756265","18204985","14879202","16002117","15998644","16082851","16024331","16009191","16232410","16357087"
"20213","11710","송파구","125805497","58987395","66818101","21410643","16719793","21737222","20728620","18651506","26557714","33521193","26053467","14751139","14660731","20545278","16273688","17902326","17942304","18084868","18061809","18029876","17912894","17871419"
"20213","11680","강남구","138283459","67402294","70881166","21866632","22514986","27812713","27057758","17807418","21223952","28895140","28937578","20671828","20781596","24025107","14972213","20180317","20618102","20875943","21213706","20937097","17860395","16597899"
"20213","11650","서초구","97350300","46803809","50546492","16098440","13684832","17472643","18593964","13620403","17880018","22258752","20666206","13458653","13359250","16365434","11242006","14160528","14378603","14502459","14673773","14552185","12831336","12251418"
"20213","11620","관악구","131115280","64494025","66621255","14248586","29919064","24736654","18727164","16477680","27006132","36055659","26903362","14479428","14447997","21545785","17683050","18462601","18448642","18575041","18511459","18517147","19202087","19398302"
"20213","11590","동작구","85639365","40151361","45488003","12329238","14980618","14415182","12861961","11673060","19379308","23484000","17710895","9646772","9584694","13832549","11380454","12147308","12159245","12215170","12144120","12134243","12377446","12461834"
"20213","11560","영등포구","106613708","52068658","54545050","13059918","15840347","20642373","17754879","16626582","22689608","26660644","22258629","13305361","13307738","17784869","13296468","15282763","15336848","15440895","15485284","15433099","14822981","14811838"
"20213","11545","금천구","38609090","18996092","19612998","4260469","5758347","6829999","6147056","6453036","9160181","10388077","7948208","4472934","4454823","6253694","5091352","5534845","5540894","5537297","5525577","5497190","5446501","5526784"
"20213","11530","구로구","78520253","37988470","40531783","11175243","10006535","12960593","13250490","12385763","18741629","20921832","16109323","9139299","9153560","12958663","10237574","11191935","11218448","11233846","11191013","11138462","11138527","11408022"
"20213","11500","강서구","115864268","54414320","61449948","18654504","16120661","20847257","18653416","15677975","25910453","31640046","23985138","13169257","13029019","18621099","15419709","16456630","16418626","16516889","16471934","16435905","16707767","16856519"
"20213","11470","양천구","80663524","37713743","42949781","16990693","9562291","11113028","13414088","12049423","17534001","22250737","16486297","9045143","9021262","13098940","10761145","11410961","11429590","11468373","11445850","11434925","11698441","11775382"
"20213","11440","마포구","113070489","52008500","61061990","15452611","21647965","22064721","19494612","14661713","19748867","28061753","23115087","14192218","14408789","19307743","13984900","16082142","16147178","16347906","16415047","16378665","15977272","15722280"
"20213","11410","서대문구","90399890","41500185","48899706","12863062","15906784","14882914","14669194","13151569","18926366","22820036","18875184","11207029","11175506","14936649","11385487","12981312","13083346","13150338","13191266","13074922","12476239","12442467"
"20213","11380","은평구","101963337","46000236","55963102","16573509","13205360","15305803","16186304","15347456","25344903","28571036","20960695","11175757","11080556","16362470","13812823","14436011","14415039","14437959","14338018","14343854","14891740","15100714"
"20213","11350","노원구","102094644","46938503","55156141","18885629","13780306","12278196","15419929","15877197","25853388","26980223","20797015","11858353","11980267","17109662","13369122","14464307","14434291","14485319","14399726","14423958","14882493","15004549"
"20213","11320","도봉구","66865957","30988046","35877912","10339278","8268806","8687666","9828727","10741937","18999543","18009487","13760874","7626364","7617692","10967170","8884370","9497987","9489721","9456193","9390897","9394428","9732929","9903801"
"20213","11305","강북구","100374447","46266639","54107807","13956646","13549502","12897886","15014318","16129505","28826590","27196853","20434058","11451771","11480008","16482178","13329579","14247322","14256870","14248995","14150141","14161344","14559937","14749835"
"20213","11290","성북구","117697344","53855588","63841756","20107175","19153971","16438463","17976708","16979397","27041631","31016245","24077950","13661289","13778122","19719334","15444403","16698365","16726512","16763516","16737157","16693751","16965003","17113043"
"20213","11260","중랑구","102126986","47673057","54453927","14218397","13785852","15600033","15195456","17046228","26281020","28224200","20780750","11363634","11361627","16666003","13730772","14501414","14454417","14472648","14336972","14356550","14854560","15150425"
"20213","11230","동대문구","103450240","49673353","53776887","13388301","19019092","15373255","15144599","14980721","25544273","26399563","21727837","12719284","12563395","16950373","13089788","14778580","14800237","14849088","14871512","14821975","14694813","14634034"
"20213","11215","광진구","91874426","42784205","49090220","13202628","17103655","15564065","14089432","13525699","18388946","25582080","18835487","10164516","10125618","14862059","12304666","13026360","13016938","13111564","13088838","13079231","13241852","13309645"
"20213","11200","성동구","75172963","35772240","39400723","10365717","12405680","13570785","12238921","11060750","15531109","18371345","15684835","9488655","9584611","12789511","9254008","10750923","10832112","10912098","10968577","10899815","10473753","10335684"
"20213","11170","용산구","64697735","30902646","33795089","7690926","10069113","12963038","11259751","9276572","13438336","16764457","13649605","7901822","7840412","10455104","8086333","9230969","9264105","9335379","9357062","9353517","9089105","9067597"
"20213","11140","중구","54994355","27589995","27404360","4348148","8963295","10968518","9985666","9105699","11623030","10454988","11775937","8990456","8894123","9363836","5515015","8151009","8316533","8381152","8594962","8519681","6800410","6230609"
"20213","11110","종로구","63583792","31407943","32175848","6623087","11124808","10078628","10606217","10602011","14549041","13413270","13249840","9612719","9630410","10854000","6823552","9242550","9374555","9451275","9645248","9513284","8419552","7937327"
"20212","11740","강동구","109916405","51470386","58446019","18420545","13479641","17259143","17734705","16631071","26391298","30260506","22695366","12408244","12299365","17669860","14583063","15641162","15585195","15617498","15568343","15604615","15837041","16062552"
"20212","11710","송파구","126380930","59158849","67222081","21431680","16866505","21960893","20868345","18566254","26687252","33970474","26142349","14643305","14571781","20614482","16438538","18075137","18060411","18075276","18064141","18068310","18020860","18016795"
"20212","11680","강남구","143911382","70067252","73844130","21898167","23855755","29820586","27990873","18317490","22028512","29587688","29938590","21626221","21768418","25406967","15583495","21593958","21881423","21227042","21924719","21747158","18434621","17102460"
"20212","11650","서초구","99514660","47867470","51647190","16004601","14239665","18212276","18937254","13882369","18238496","22459183","21079770","13817049","13743062","16931272","11484324","14799211","14895222","14540375","14871285","14839495","13080714","12488357"
"20212","11620","관악구","132700748","65101105","67599643","14673901","30498802","24916433","18863981","16559805","27187825","36742390","27326519","14496043","14416002","21718675","18001119","18666960","18658971","18812575","18624153","18642989","19483498","19811601"
"20212","11590","동작구","86567725","40566502","46001223","12668604","15256783","14478914","12965841","11646832","19550749","23920703","17956408","9664313","9569384","13914732","11542183","12297621","12282409","12321913","12274731","12260405","12501204","12629443"
"20212","11560","영등포구","108599320","53106247","55493073","13302697","16315112","21014210","18146724","16744465","23076112","27000362","22671308","13559708","13564890","18246374","13556679","15686680","15693471","15578698","15652292","15682667","15163848","15141662"
"20212","11545","금천구","38547902","18987641","19560262","4381197","5744723","6828200","6136873","6378599","9078310","10489893","7949507","4420527","4395293","6190735","5101947","5553766","5531302","5508059","5505076","5504326","5423187","5522185"
"20212","11530","구로구","79459428","38443113","41016315","11408967","10303169","13135550","13356594","12385750","18869398","21321773","16363716","9183741","9153705","13034954","10401541","11392032","11328204","11286373","11299849","11293924","11284700","11574346"
"20212","11500","강서구","117812112","55244087","62568026","19107827","16330470","21131677","18888934","15950885","26402319","32589229","24486762","13256061","13036146","18728544","15715371","16782871","16703954","16749857","16694639","16669816","16982171","17228808"
"20212","11470","양천구","81181713","37909966","43271747","17269407","9504330","11160863","13484902","12081836","17680375","22596736","16624317","8993399","8970093","13111157","10886012","11496073","11476993","11505075","11468123","11484275","11807685","11943494"
"20212","11440","마포구","116426436","53446086","62980350","15953493","22782935","22774204","19872869","14874723","20168213","28667059","23678557","14535738","14828923","20240133","14476026","16670909","16744995","16741332","16774771","16817120","16481148","16196163"
"20212","11410","서대문구","94281514","43347020","50934494","13657570","16869110","15670197","15281297","13423330","19380009","23635043","19733745","11762971","11753305","15584638","11811812","13711226","13742868","13612486","13731045","13642487","12931413","12909989"
"20212","11380","은평구","101511871","45769344","55742526","16554668","13132955","15310919","16146079","15142063","25225187","28757312","20943969","10986948","10864125","16166369","13793146","14341841","14289824","14378754","14261735","14266885","14855279","15117552"
"20212","11350","노원구","104061747","47884491","56177256","19700001","14312350","12360991","15693543","15988203","26006659","27440421","21166036","12040622","12186990","17547708","13679970","14709981","14694030","14741053","14670899","14661669","15216778","15367338"
"20212","11320","도봉구","67014827","30957736","36057091","10444156","8337580","8690034","9860703","10728458","18953894","18178526","13808305","7594083","7578584","10937982","8917347","9457007","9436641","9485519","9435712","9427157","9776585","9996207"
"20212","11305","강북구","99996537","45815550","54180986","13970707","13694699","12699673","14930902","16047695","28652859","27377624","20416419","11294499","11288812","16297217","13321967","14188114","14124158","14184179","14094283","14119667","14526510","14759627"
"20212","11290","성북구","122030508","55650483","66380026","21368570","20147485","16776295","18443699","17310455","27984003","32351466","24967852","14046719","14176270","20421784","16066418","17326393","17303790","17343648","17298159","17246204","17652925","17859389"
"20212","11260","중랑구","102641795","47797957","54843839","14519360","13866848","15561999","15251135","17047291","26395164","28787644","20980260","11263465","11198466","16553122","13858837","14523092","14454914","14529574","14418308","14433300","15000131","15282476"
"20212","11230","동대문구","105932469","50785582","55146888","14348054","19774888","15501485","15325836","15149317","25832889","27087731","22293271","12985263","12808732","17333682","13423790","15200756","15183667","15157797","15186821","15137542","15040172","15025713"
"20212","11215","광진구","93795851","43625825","50170026","13756944","17614721","15771712","14363004","13626339","18663132","26354172","19245282","10242048","10189027","15132867","12632454","13303454","13297976","13385816","13284628","13291712","13551042","13681224"
"20212","11200","성동구","77070225","36616282","40453943","10692153","13001490","13927558","12491959","11189582","15767484","18850129","16072045","9683038","9798439","13147643","9518933","11121600","11159382","11117062","11179441","11163321","10726212","10603208"
"20212","11170","용산구","66133738","31646770","34486968","7900467","10540190","13310124","11535548","9345124","13502284","17096235","13940657","8080144","8022598","10724173","8269931","9494099","9521402","9489697","9514801","9542044","9280044","9291649"
"20212","11140","중구","58504064","29290338","29213727","4622553","9477522","11698128","10717351","9666346","12322165","10885288","12439181","9636880","9548960","10132405","5861352","8924508","9040444","8762663","9039495","8967336","7202254","6567365"
"20212","11110","종로구","66739796","32968077","33771719","7098892","11720634","10678715","11083832","11079745","15077977","13727286","13801136","10231597","10240683","11634940","7104151","9867605","10012575","9900747","10034226","9937438","8753335","8233870"
"20211","11740","강동구","109872659","51443252","58429408","18038659","13575884","17263644","17622555","16807781","26564138","29921146","22738919","12546290","12416057","17764402","14485846","15635210","15565298","15533829","15549159","15540610","15898762","16149792"
"20211","11710","송파구","127659472","59941549","67717922","21456280","17035893","22135309","20952329","18867351","27212309","34111893","26518416","14932835","14788914","20788512","16518902","18293576","18275861","18246143","18196635","18128821","18211718","18306718"
"20211","11680","강남구","140991434","68733892","72257542","21164499","23151391","29188178","27560909","17957335","21969122","29258252","29258529","21100053","21295022","24845329","15234251","21054138","21673306","21578407","21142861","20561598","18006196","16974928"
"20211","11650","서초구","98889995","47543426","51346569","15686481","13925564","18036700","18786780","13812761","18641712","22500699","20950586","13676715","13599023","16756237","11406735","14656791","14919142","14861869","14616745","14345582","12972388","12517476"
"20211","11620","관악구","134446692","65971995","68474698","14593725","30431346","25219472","19200350","16825107","28176691","36716498","27665312","14898900","14838718","22172022","18155243","18989452","18906468","18866647","18883494","18848263","19766090","20186279"
"20211","11590","동작구","87992563","41227429","46765134","12599939","15288910","14770124","13197709","11954806","20181073","24028411","18290919","9962268","9852987","14222020","11635957","12510524","12465307","12445567","12446666","12437728","12756714","12930056"
"20211","11560","영등포구","108938038","53421317","55516722","13307622","16240146","20965160","18136049","16756612","23532450","26944251","22786176","13694161","13684525","18307839","13521086","15724809","15758170","15724050","15638346","15550510","15265539","15276616"
"20211","11545","금천구","39182852","19286873","19895978","4555094","5787774","6842109","6156801","6495696","9345379","10699720","8087008","4485030","4454127","6284098","5172867","5609909","5584866","5569749","5575271","5574510","5582820","5685727"
"20211","11530","구로구","81043899","39277450","41766448","11565292","10489580","13405983","13653281","12581202","19348561","21578002","16796675","9469691","9396599","13277912","10525019","11583324","11521218","11499916","11512131","11502267","11580362","11844681"
"20211","11500","강서구","121269367","56924950","64344415","19365238","16772882","21813729","19285951","16605081","27426486","33173133","25206652","13812633","13598981","19414765","16063203","17257692","17187048","17153641","17168931","17147834","17536438","17817782"
"20211","11470","양천구","82706108","38729402","43976706","17317096","9785449","11362814","13719932","12422498","18098319","22673692","17018641","9330041","9274607","13406224","11002904","11735930","11678813","11663717","11685008","11707891","12040023","12194725"
"20211","11440","마포구","115538731","53233231","62305499","15988342","21873176","22453045","19730271","14908108","20585788","28512445","23645877","14494643","14731371","19891415","14262981","16593276","16690550","16688010","16598945","16483749","16306654","16177546"
"20211","11410","서대문구","93719989","43332191","50387798","13297980","16252923","15556234","15217422","13539836","19855595","23486614","19548828","11702348","11666780","15561000","11754419","13564752","13660830","13606573","13553539","13417891","12950574","12965830"
"20211","11380","은평구","104199516","47139284","57060233","16810161","13511633","15822725","16516571","15522341","26016085","29150801","21532254","11444135","11300486","16699324","14072517","14734295","14614466","14596118","14660979","14712494","15298363","15582800"
"20211","11350","노원구","105645763","48743200","56902563","19698957","14325794","12639526","16101675","16337740","26542071","27688290","21555715","12327214","12450478","17820042","13804022","14932965","14857918","14851760","14880685","14933307","15505308","15683818"
"20211","11320","도봉구","68705741","31855274","36850468","10630904","8492833","8971435","10108199","11048307","19454063","18412141","14191310","7889792","7859495","11260344","9092658","9699517","9645985","9625811","9687739","9728972","10053677","10264041"
"20211","11305","강북구","102521576","47169537","55352039","14295950","13944376","13074602","15302990","16398609","29505051","27755291","20974244","11714796","11717919","16786817","13572509","14520555","14434358","14406661","14479797","14541162","14954113","15184931"
"20211","11290","성북구","123706935","56638173","67068763","21298863","19797368","17132784","18869717","17704811","28903393","32506845","25392897","14421281","14496333","20711499","16178079","17555157","17501661","17478454","17499948","17496443","17960950","18214324"
"20211","11260","중랑구","105509837","49302431","56207406","14884857","14165523","16069164","15611128","17586474","27192691","29255334","21663977","11740462","11633562","17063555","14152948","14939454","14795755","14766778","14839353","14907422","15475175","15785901"
"20211","11230","동대문구","105983900","51004376","54979524","14052855","19042112","15597813","15507578","15381915","26401626","26874560","22212053","13101659","12967180","17432326","13396120","15189623","15203957","15175962","15126145","15029609","15103520","15155081"
"20211","11215","광진구","95233549","44444469","50789080","13824047","17444027","16096365","14651425","13959358","19258328","26548947","19630346","10523128","10425066","15354811","12751250","13541900","13500152","13483404","13486859","13472690","13779468","13969076"
"20211","11200","성동구","76432709","36421251","40011458","10528769","12417979","13812026","12414178","11179520","16080239","18655838","15991588","9647415","9696880","13018424","9422564","11028267","11096127","11090165","11018937","10935906","10667467","10595839"
"20211","11170","용산구","65905116","31663624","34241494","7780123","10258508","13116125","11614117","9376358","13759886","16960314","13932437","8098016","8004650","10681200","8228498","9486320","9515497","9506524","9468413","9416920","9232250","9279195"
"20211","11140","중구","56500462","28457282","28043180","4392557","9055207","11255400","10366847","9362790","12067661","10646075","11976385","9228626","9203401","9777557","5668419","8580951","8841247","8796661","8581849","8324522","6939497","6435734"
"20211","11110","종로구","64341967","32084258","32257708","6750164","10996362","10266308","10820315","10731879","14776939","13514808","13343860","9733928","9797724","11074759","6876889","9478032","9734691","9723859","9557561","9356653","8445144","8046027"