"기준_년분기_코드","서울시_코드","서울시_코드_명","서비스_업종_코드","서비스_업종_코드_명","전체_점포_수","일반_점포_수","프랜차이즈_점포_수","개업_율","개업_점포_수","폐업_률","폐업_점포_수"
"20261","11","서울시","CS300043","전자상거래업","17925","17914","11","0","12","7","1162"
"20261","11","서울시","CS300042","주유소","951","951","0","1","9","4","34"
"20261","11","서울시","CS300041","예술품","2377","2377","0","3","61","2","44"
"20261","11","서울시","CS300040","재생용품 판매점","1182","1182","0","0","0","1","14"
"20261","11","서울시","CS300039","모터사이클및부품","779","779","0","2","18","1","9"
"20261","11","서울시","CS300038","자동차부품","3441","3437","4","0","12","2","51"
"20261","11","서울시","CS300037","중고차판매","862","862","0","0","3","2","16"
"20261","11","서울시","CS300036","조명용품","10807","10799","8","0","24","1","139"
"20261","11","서울시","CS300035","인테리어","4290","4289","1","2","66","2","79"
"20261","11","서울시","CS300034","악기","781","781","0","1","9","1","10"
"20261","11","서울시","CS300033","철물점","2263","2263","0","3","65","2","34"
"20261","11","서울시","CS300032","가전제품","2457","2457","0","1","19","1","27"
"20261","11","서울시","CS300031","가구","3304","3301","3","1","25","1","37"
"20261","11","서울시","CS300030","중고가구","154","154","0","0","0","2","3"
"20261","11","서울시","CS300029","애완동물","2650","2477","173","5","134","4","100"
"20261","11","서울시","CS300028","화초","6150","6108","42","2","117","3","157"
"20261","11","서울시","CS300027","섬유제품","3221","3218","3","4","126","2","48"
"20261","11","서울시","CS300026","완구","1078","1076","2","4","43","2","24"
"20261","11","서울시","CS300025","자전거 및 기타운송장비","793","793","0","1","10","2","18"
"20261","11","서울시","CS300024","운동/경기용품","3871","3867","4","2","79","2","89"
"20261","11","서울시","CS300023","미용재료","1487","1487","0","3","45","2","23"
"20261","11","서울시","CS300022","화장품","13751","13015","736","2","209","3","360"
"20261","11","서울시","CS300021","문구","4451","4053","398","2","69","2","101"
"20261","11","서울시","CS300020","서적","4103","4020","83","2","60","2","83"
"20261","11","서울시","CS300019","의료기기","3727","3709","18","0","2","2","57"
"20261","11","서울시","CS300018","의약품","9220","8624","596","3","260","2","164"
"20261","11","서울시","CS300017","시계및귀금속","5799","5679","120","1","71","2","110"
"20261","11","서울시","CS300016","안경","2744","2048","696","2","54","2","49"
"20261","11","서울시","CS300015","가방","2953","2934","19","2","53","2","66"
"20261","11","서울시","CS300014","신발","4073","3992","81","1","23","3","102"
"20261","11","서울시","CS300013","유아의류","1628","1544","84","1","15","3","51"
"20261","11","서울시","CS300012","한복점","353","353","0","5","16","2","7"
"20261","11","서울시","CS300011","일반의류","45884","45796","88","1","463","2","1051"
"20261","11","서울시","CS300010","반찬가게","9725","9371","354","2","206","3","246"
"20261","11","서울시","CS300009","청과상","8760","8726","34","1","92","3","223"
"20261","11","서울시","CS300008","수산물판매","5120","5076","44","0","13","2","114"
"20261","11","서울시","CS300007","육류판매","6895","6865","30","1","77","3","178"
"20261","11","서울시","CS300006","미곡판매","2798","2798","0","1","17","3","77"
"20261","11","서울시","CS300005","주류도매","861","861","0","0","1","1","10"
"20261","11","서울시","CS300004","핸드폰","6227","6167","60","0","26","2","116"
"20261","11","서울시","CS300003","컴퓨터및주변장치판매","8982","8979","3","1","49","2","145"
"20261","11","서울시","CS300002","편의점","8886","2465","6421","2","137","3","244"
"20261","11","서울시","CS300001","슈퍼마켓","13186","9356","3830","4","472","3","339"
"20261","11","서울시","CS200047","가정용품임대","1008","1006","2","0","0","2","20"
"20261","11","서울시","CS200046","의류임대","555","553","2","0","0","3","15"
"20261","11","서울시","CS200045","비디오/서적임대","223","203","20","5","10","3","6"
"20261","11","서울시","CS200044","여행사","6664","6660","4","0","29","2","113"
"20261","11","서울시","CS200043","건축물청소","5570","5470","100","0","7","2","117"
"20261","11","서울시","CS200042","통번역서비스","2042","2042","0","0","1","3","58"
"20261","11","서울시","CS200041","사진관","6819","6696","123","2","113","3","168"
"20261","11","서울시","CS200040","녹음실","1077","1075","2","0","1","2","20"
"20261","11","서울시","CS200039","DVD방","589","586","3","18","107","3","18"
"20261","11","서울시","CS200038","독서실","3496","3006","490","3","111","4","134"
"20261","11","서울시","CS200037","노래방","5462","5318","144","2","106","4","190"
"20261","11","서울시","CS200036","고시원","123","123","0","0","0","2","2"
"20261","11","서울시","CS200035","게스트하우스","1382","1370","12","0","2","3","45"
"20261","11","서울시","CS200034","여관","3295","3272","23","4","122","3","81"
"20261","11","서울시","CS200033","부동산중개업","36545","36491","54","0","28","2","699"
"20261","11","서울시","CS200032","가전제품수리","3064","3060","4","3","80","2","60"
"20261","11","서울시","CS200031","세탁소","6112","5069","1043","2","122","2","106"
"20261","11","서울시","CS200030","피부관리실","10381","10107","274","5","530","3","292"
"20261","11","서울시","CS200029","네일숍","4359","4282","77","0","0","3","108"
"20261","11","서울시","CS200028","미용실","21987","20353","1634","2","386","2","330"
"20261","11","서울시","CS200027","모터사이클수리","681","671","10","0","1","2","12"
"20261","11","서울시","CS200026","자동차미용","1743","1631","112","2","40","4","63"
"20261","11","서울시","CS200025","자동차수리","4543","4079","464","1","34","1","53"
"20261","11","서울시","CS200024","스포츠클럽","5476","5265","211","1","38","3","165"
"20261","11","서울시","CS200023","통신기기수리","551","551","0","4","22","2","9"
"20261","11","서울시","CS200022","복권방","1076","1076","0","0","3","3","28"
"20261","11","서울시","CS200021","기타오락장","1275","1110","165","3","37","2","30"
"20261","11","서울시","CS200020","전자게임장","215","200","15","1","2","4","9"
"20261","11","서울시","CS200019","PC방","1191","1065","126","1","6","4","52"
"20261","11","서울시","CS200018","볼링장","137","137","0","2","2","2","3"
"20261","11","서울시","CS200017","골프연습장","2004","1847","157","2","42","2","49"
"20261","11","서울시","CS200016","당구장","3734","3697","37","2","88","4","149"
"20261","11","서울시","CS200015","세무사사무소","7643","7643","0","0","23","1","65"
"20261","11","서울시","CS200014","회계사사무소","973","973","0","2","15","0","3"
"20261","11","서울시","CS200013","기타법무서비스","2316","2316","0","1","16","2","40"
"20261","11","서울시","CS200012","법무사사무소","2492","2492","0","3","66","1","20"
"20261","11","서울시","CS200011","변리사사무소","942","942","0","0","3","2","18"
"20261","11","서울시","CS200010","변호사사무소","4700","4700","0","1","57","2","95"
"20261","11","서울시","CS200009","동물병원","1063","1053","10","1","11","1","6"
"20261","11","서울시","CS200008","한의원","3877","3877","0","2","72","2","61"
"20261","11","서울시","CS200007","치과의원","4955","4955","0","1","55","1","63"
"20261","11","서울시","CS200006","일반의원","11795","11795","0","2","212","1","148"
"20261","11","서울시","CS200005","스포츠 강습","9179","8921","258","2","210","3","267"
"20261","11","서울시","CS200004","컴퓨터학원","387","383","4","0","0","2","6"
"20261","11","서울시","CS200003","예술학원","10296","9873","423","2","219","3","303"
"20261","11","서울시","CS200002","외국어학원","2695","2635","60","6","161","3","82"
"20261","11","서울시","CS200001","일반교습학원","25910","23654","2256","2","561","3","777"
"20261","11","서울시","CS100010","커피-음료","27333","20535","6798","3","927","4","1028"
"20261","11","서울시","CS100009","호프-간이주점","15595","13876","1719","2","313","4","597"
"20261","11","서울시","CS100008","분식전문점","11797","9033","2764","3","348","4","461"
"20261","11","서울시","CS100007","치킨전문점","5783","2085","3698","3","199","4","223"
"20261","11","서울시","CS100006","패스트푸드점","6225","2829","3396","3","192","4","253"
"20261","11","서울시","CS100005","제과점","7190","5364","1826","3","233","4","277"
"20261","11","서울시","CS100004","양식음식점","8606","7726","880","3","256","4","336"
"20261","11","서울시","CS100003","일식음식점","6626","5636","990","1","76","4","241"
"20261","11","서울시","CS100002","중식음식점","6194","5394","800","4","228","4","230"
"20261","11","서울시","CS100001","한식음식점","58744","51855","6889","3","1929","4","2101"
"20254","11","서울시","CS300043","전자상거래업","19079","19067","12","0","23","3","575"
"20254","11","서울시","CS300042","주유소","976","976","0","5","49","1","14"
"20254","11","서울시","CS300041","예술품","2358","2358","0","3","68","1","28"
"20254","11","서울시","CS300040","재생용품 판매점","1196","1196","0","0","0","1","15"
"20254","11","서울시","CS300039","모터사이클및부품","769","769","0","3","23","1","9"
"20254","11","서울시","CS300038","자동차부품","3481","3477","4","0","12","1","36"
"20254","11","서울시","CS300037","중고차판매","875","875","0","1","5","2","16"
"20254","11","서울시","CS300036","조명용품","10923","10915","8","0","17","1","65"
"20254","11","서울시","CS300035","인테리어","4310","4309","1","2","65","2","63"
"20254","11","서울시","CS300034","악기","781","781","0","1","8","0","2"
"20254","11","서울시","CS300033","철물점","2231","2231","0","2","38","1","26"
"20254","11","서울시","CS300032","가전제품","2465","2465","0","1","26","1","24"
"20254","11","서울시","CS300031","가구","3314","3311","3","1","21","1","40"
"20254","11","서울시","CS300030","중고가구","157","157","0","0","0","3","4"
"20254","11","서울시","CS300029","애완동물","2614","2433","181","4","116","3","66"
"20254","11","서울시","CS300028","화초","6179","6137","42","2","134","2","94"
"20254","11","서울시","CS300027","섬유제품","3141","3138","3","4","121","2","56"
"20254","11","서울시","CS300026","완구","1060","1058","2","5","50","1","12"
"20254","11","서울시","CS300025","자전거 및 기타운송장비","802","802","0","0","2","1","9"
"20254","11","서울시","CS300024","운동/경기용품","3882","3878","4","1","56","2","65"
"20254","11","서울시","CS300023","미용재료","1464","1464","0","2","34","2","35"
"20254","11","서울시","CS300022","화장품","13895","13138","757","2","220","2","260"
"20254","11","서울시","CS300021","문구","4484","4077","407","2","66","2","74"
"20254","11","서울시","CS300020","서적","4129","4051","78","1","56","2","66"
"20254","11","서울시","CS300019","의료기기","3786","3768","18","0","7","1","51"
"20254","11","서울시","CS300018","의약품","9114","8518","596","2","204","2","146"
"20254","11","서울시","CS300017","시계및귀금속","5839","5718","121","1","55","1","54"
"20254","11","서울시","CS300016","안경","2736","2039","697","1","35","1","36"
"20254","11","서울시","CS300015","가방","2965","2946","19","2","52","2","52"
"20254","11","서울시","CS300014","신발","4152","4069","83","0","12","2","80"
"20254","11","서울시","CS300013","유아의류","1664","1574","90","1","10","2","33"
"20254","11","서울시","CS300012","한복점","344","344","0","3","10","1","3"
"20254","11","서울시","CS300011","일반의류","46478","46387","91","1","468","2","889"
"20254","11","서울시","CS300010","반찬가게","9766","9415","351","2","236","2","200"
"20254","11","서울시","CS300009","청과상","8889","8853","36","1","87","2","171"
"20254","11","서울시","CS300008","수산물판매","5221","5179","42","0","16","1","71"
"20254","11","서울시","CS300007","육류판매","7000","6970","30","1","99","2","141"
"20254","11","서울시","CS300006","미곡판매","2858","2858","0","1","20","1","33"
"20254","11","서울시","CS300005","주류도매","870","870","0","0","0","1","6"
"20254","11","서울시","CS300004","핸드폰","6322","6259","63","1","37","1","76"
"20254","11","서울시","CS300003","컴퓨터및주변장치판매","9076","9073","3","1","63","1","79"
"20254","11","서울시","CS300002","편의점","8994","2506","6488","2","145","3","290"
"20254","11","서울시","CS300001","슈퍼마켓","13038","9219","3819","4","541","2","316"
"20254","11","서울시","CS200047","가정용품임대","1029","1027","2","0","1","2","25"
"20254","11","서울시","CS200046","의류임대","569","567","2","0","1","1","6"
"20254","11","서울시","CS200045","비디오/서적임대","219","198","21","2","5","2","4"
"20254","11","서울시","CS200044","여행사","6751","6746","5","1","35","1","81"
"20254","11","서울시","CS200043","건축물청소","5684","5578","106","0","3","1","59"
"20254","11","서울시","CS200042","통번역서비스","2099","2099","0","0","2","1","29"
"20254","11","서울시","CS200041","사진관","6874","6752","122","2","126","2","120"
"20254","11","서울시","CS200040","녹음실","1096","1094","2","0","2","2","16"
"20254","11","서울시","CS200039","DVD방","499","496","3","29","146","1","7"
"20254","11","서울시","CS200038","독서실","3519","3018","501","4","125","2","75"
"20254","11","서울시","CS200037","노래방","5547","5400","147","2","122","3","187"
"20254","11","서울시","CS200036","고시원","125","125","0","0","0","2","3"
"20254","11","서울시","CS200035","게스트하우스","1426","1413","13","0","4","2","24"
"20254","11","서울시","CS200034","여관","3255","3232","23","4","136","3","100"
"20254","11","서울시","CS200033","부동산중개업","37223","37169","54","0","22","2","605"
"20254","11","서울시","CS200032","가전제품수리","3039","3035","4","1","42","1","34"
"20254","11","서울시","CS200031","세탁소","6099","5058","1041","2","118","2","118"
"20254","11","서울시","CS200030","피부관리실","10132","9856","276","5","487","2","247"
"20254","11","서울시","CS200029","네일숍","4468","4389","79","0","2","2","96"
"20254","11","서울시","CS200028","미용실","21928","20284","1644","2","356","1","309"
"20254","11","서울시","CS200027","모터사이클수리","693","683","10","0","0","1","10"
"20254","11","서울시","CS200026","자동차미용","1766","1655","111","3","45","2","38"
"20254","11","서울시","CS200025","자동차수리","4561","4095","466","1","31","1","36"
"20254","11","서울시","CS200024","스포츠클럽","5605","5388","217","1","49","3","178"
"20254","11","서울시","CS200023","통신기기수리","538","538","0","1","6","2","11"
"20254","11","서울시","CS200022","복권방","1101","1101","0","0","0","2","23"
"20254","11","서울시","CS200021","기타오락장","1262","1097","165","4","50","5","57"
"20254","11","서울시","CS200020","전자게임장","222","207","15","1","2","4","8"
"20254","11","서울시","CS200019","PC방","1237","1108","129","1","12","5","61"
"20254","11","서울시","CS200018","볼링장","138","138","0","1","2","1","2"
"20254","11","서울시","CS200017","골프연습장","2011","1855","156","2","44","2","39"
"20254","11","서울시","CS200016","당구장","3797","3758","39","3","103","4","131"
"20254","11","서울시","CS200015","세무사사무소","7686","7686","0","0","19","1","56"
"20254","11","서울시","CS200014","회계사사무소","960","960","0","3","25","1","6"
"20254","11","서울시","CS200013","기타법무서비스","2339","2339","0","0","5","1","29"
"20254","11","서울시","CS200012","법무사사무소","2445","2445","0","2","41","0","10"
"20254","11","서울시","CS200011","변리사사무소","957","957","0","0","0","1","5"
"20254","11","서울시","CS200010","변호사사무소","4737","4737","0","1","40","1","52"
"20254","11","서울시","CS200009","동물병원","1058","1048","10","1","9","1","6"
"20254","11","서울시","CS200008","한의원","3866","3866","0","1","56","1","37"
"20254","11","서울시","CS200007","치과의원","4961","4961","0","1","37","1","39"
"20254","11","서울시","CS200006","일반의원","11723","11723","0","1","140","1","86"
"20254","11","서울시","CS200005","스포츠 강습","9234","8965","269","3","232","3","229"
"20254","11","서울시","CS200004","컴퓨터학원","393","389","4","1","3","2","6"
"20254","11","서울시","CS200003","예술학원","10377","9949","428","2","189","2","243"
"20254","11","서울시","CS200002","외국어학원","2617","2556","61","5","121","2","44"
"20254","11","서울시","CS200001","일반교습학원","26138","23889","2249","2","478","2","526"
"20254","11","서울시","CS100010","커피-음료","27443","20677","6766","3","829","4","1017"
"20254","11","서울시","CS100009","호프-간이주점","15880","14112","1768","2","369","4","634"
"20254","11","서울시","CS100008","분식전문점","11908","9116","2792","3","378","4","466"
"20254","11","서울시","CS100007","치킨전문점","5803","2094","3709","3","179","4","253"
"20254","11","서울시","CS100006","패스트푸드점","6285","2870","3415","3","206","4","274"
"20254","11","서울시","CS100005","제과점","7234","5358","1876","3","238","3","246"
"20254","11","서울시","CS100004","양식음식점","8684","7784","900","3","291","4","304"
"20254","11","서울시","CS100003","일식음식점","6792","5771","1021","1","96","4","265"
"20254","11","서울시","CS100002","중식음식점","6199","5403","796","3","205","4","245"
"20254","11","서울시","CS100001","한식음식점","58922","51899","7023","4","2136","4","2160"
"20253","11","서울시","CS300043","전자상거래업","19653","19641","12","0","18","4","703"
"20253","11","서울시","CS300042","주유소","941","941","0","1","6","3","26"
"20253","11","서울시","CS300041","예술품","2318","2318","0","3","67","2","41"
"20253","11","서울시","CS300040","재생용품 판매점","1211","1211","0","0","1","1","15"
"20253","11","서울시","CS300039","모터사이클및부품","756","756","0","4","28","3","26"
"20253","11","서울시","CS300038","자동차부품","3508","3504","4","0","12","1","40"
"20253","11","서울시","CS300037","중고차판매","886","886","0","1","8","3","24"
"20253","11","서울시","CS300036","조명용품","10973","10965","8","0","25","1","117"
"20253","11","서울시","CS300035","인테리어","4310","4309","1","2","82","2","65"
"20253","11","서울시","CS300034","악기","775","775","0","3","23","1","9"
"20253","11","서울시","CS300033","철물점","2218","2218","0","3","61","1","25"
"20253","11","서울시","CS300032","가전제품","2463","2463","0","1","33","2","37"
"20253","11","서울시","CS300031","가구","3336","3333","3","1","20","1","44"
"20253","11","서울시","CS300030","중고가구","161","161","0","0","0","1","1"
"20253","11","서울시","CS300029","애완동물","2564","2382","182","5","135","4","89"
"20253","11","서울시","CS300028","화초","6142","6099","43","2","129","2","112"
"20253","11","서울시","CS300027","섬유제품","3078","3075","3","4","112","2","47"
"20253","11","서울시","CS300026","완구","1026","1024","2","3","33","1","13"
"20253","11","서울시","CS300025","자전거 및 기타운송장비","808","808","0","1","8","2","13"
"20253","11","서울시","CS300024","운동/경기용품","3893","3889","4","3","99","2","66"
"20253","11","서울시","CS300023","미용재료","1450","1450","0","2","34","2","30"
"20253","11","서울시","CS300022","화장품","13944","13172","772","2","260","2","318"
"20253","11","서울시","CS300021","문구","4496","4083","413","2","67","2","90"
"20253","11","서울시","CS300020","서적","4145","4066","79","1","43","2","63"
"20253","11","서울시","CS300019","의료기기","3837","3817","20","0","2","2","59"
"20253","11","서울시","CS300018","의약품","9047","8458","589","2","216","2","165"
"20253","11","서울시","CS300017","시계및귀금속","5838","5723","115","1","55","2","96"
"20253","11","서울시","CS300016","안경","2738","2034","704","1","39","2","41"
"20253","11","서울시","CS300015","가방","2966","2947","19","2","56","2","61"
"20253","11","서울시","CS300014","신발","4222","4137","85","1","29","3","104"
"20253","11","서울시","CS300013","유아의류","1689","1597","92","3","45","3","55"
"20253","11","서울시","CS300012","한복점","337","337","0","6","19","1","3"
"20253","11","서울시","CS300011","일반의류","46919","46828","91","1","554","2","1074"
"20253","11","서울시","CS300010","반찬가게","9738","9398","340","3","299","2","235"
"20253","11","서울시","CS300009","청과상","8983","8943","40","2","142","2","172"
"20253","11","서울시","CS300008","수산물판매","5279","5236","43","0","22","2","92"
"20253","11","서울시","CS300007","육류판매","7045","7015","30","2","165","2","166"
"20253","11","서울시","CS300006","미곡판매","2875","2875","0","1","15","2","51"
"20253","11","서울시","CS300005","주류도매","878","878","0","0","0","2","14"
"20253","11","서울시","CS300004","핸드폰","6365","6308","57","1","32","2","117"
"20253","11","서울시","CS300003","컴퓨터및주변장치판매","9092","9089","3","1","62","2","137"
"20253","11","서울시","CS300002","편의점","9141","2545","6596","2","188","4","322"
"20253","11","서울시","CS300001","슈퍼마켓","12810","9003","3807","5","665","2","310"
"20253","11","서울시","CS200047","가정용품임대","1053","1051","2","0","4","2","21"
"20253","11","서울시","CS200046","의류임대","574","572","2","0","1","2","11"
"20253","11","서울시","CS200045","비디오/서적임대","218","197","21","1","2","2","4"
"20253","11","서울시","CS200044","여행사","6798","6793","5","1","31","2","99"
"20253","11","서울시","CS200043","건축물청소","5744","5638","106","0","4","1","82"
"20253","11","서울시","CS200042","통번역서비스","2128","2128","0","0","1","1","26"
"20253","11","서울시","CS200041","사진관","6867","6758","109","2","152","2","130"
"20253","11","서울시","CS200040","녹음실","1111","1109","2","1","6","1","11"
"20253","11","서울시","CS200039","DVD방","363","361","2","41","150","4","13"
"20253","11","서울시","CS200038","독서실","3470","2970","500","4","129","3","118"
"20253","11","서울시","CS200037","노래방","5617","5473","144","2","136","3","172"
"20253","11","서울시","CS200036","고시원","128","128","0","0","0","2","3"
"20253","11","서울시","CS200035","게스트하우스","1446","1433","13","0","4","2","31"
"20253","11","서울시","CS200034","여관","3222","3199","23","5","154","3","89"
"20253","11","서울시","CS200033","부동산중개업","37818","37764","54","0","45","2","723"
"20253","11","서울시","CS200032","가전제품수리","3030","3026","4","1","42","2","49"
"20253","11","서울시","CS200031","세탁소","6099","5050","1049","2","138","2","113"
"20253","11","서울시","CS200030","피부관리실","9884","9606","278","6","554","3","265"
"20253","11","서울시","CS200029","네일숍","4563","4477","86","0","7","2","105"
"20253","11","서울시","CS200028","미용실","21882","20250","1632","2","387","2","321"
"20253","11","서울시","CS200027","모터사이클수리","703","693","10","0","0","1","10"
"20253","11","서울시","CS200026","자동차미용","1760","1643","117","2","42","2","42"
"20253","11","서울시","CS200025","자동차수리","4572","4104","468","1","47","1","53"
"20253","11","서울시","CS200024","스포츠클럽","5741","5529","212","15","862","2","129"
"20253","11","서울시","CS200023","통신기기수리","543","543","0","3","14","2","10"
"20253","11","서울시","CS200022","복권방","1125","1125","0","0","1","1","16"
"20253","11","서울시","CS200021","기타오락장","1266","1099","167","4","51","3","35"
"20253","11","서울시","CS200020","전자게임장","228","214","14","1","3","5","12"
"20253","11","서울시","CS200019","PC방","1286","1159","127","2","23","6","73"
"20253","11","서울시","CS200018","볼링장","138","138","0","1","1","2","3"
"20253","11","서울시","CS200017","골프연습장","2006","1853","153","2","41","2","49"
"20253","11","서울시","CS200016","당구장","3826","3787","39","4","136","3","129"
"20253","11","서울시","CS200015","세무사사무소","7725","7725","0","0","30","1","63"
"20253","11","서울시","CS200014","회계사사무소","941","941","0","1","13","1","11"
"20253","11","서울시","CS200013","기타법무서비스","2362","2362","0","1","12","2","35"
"20253","11","서울시","CS200012","법무사사무소","2414","2414","0","2","38","1","24"
"20253","11","서울시","CS200011","변리사사무소","962","962","0","0","0","1","10"
"20253","11","서울시","CS200010","변호사사무소","4750","4750","0","1","52","2","84"
"20253","11","서울시","CS200009","동물병원","1056","1046","10","2","17","1","7"
"20253","11","서울시","CS200008","한의원","3846","3846","0","2","59","1","50"
"20253","11","서울시","CS200007","치과의원","4964","4964","0","1","44","1","42"
"20253","11","서울시","CS200006","일반의원","11665","11665","0","2","212","1","104"
"20253","11","서울시","CS200005","스포츠 강습","9231","8955","276","4","402","3","255"
"20253","11","서울시","CS200004","컴퓨터학원","397","392","5","0","0","3","11"
"20253","11","서울시","CS200003","예술학원","10431","9998","433","2","210","3","256"
"20253","11","서울시","CS200002","외국어학원","2541","2481","60","5","122","2","46"
"20253","11","서울시","CS200001","일반교습학원","26230","23986","2244","2","469","2","537"
"20253","11","서울시","CS100010","커피-음료","27633","20493","7140","4","1000","4","1214"
"20253","11","서울시","CS100009","호프-간이주점","16155","14357","1798","3","439","5","726"
"20253","11","서울시","CS100008","분식전문점","11997","9160","2837","4","435","4","519"
"20253","11","서울시","CS100007","치킨전문점","5877","2097","3780","4","227","4","252"
"20253","11","서울시","CS100006","패스트푸드점","6351","2893","3458","4","221","5","286"
"20253","11","서울시","CS100005","제과점","7245","5364","1881","4","269","3","234"
"20253","11","서울시","CS100004","양식음식점","8696","7789","907","3","275","4","354"
"20253","11","서울시","CS100003","일식음식점","6966","5922","1044","2","113","4","294"
"20253","11","서울시","CS100002","중식음식점","6240","5437","803","4","232","5","300"
"20253","11","서울시","CS100001","한식음식점","58963","51817","7146","4","2225","4","2207"
"20252","11","서울시","CS300043","전자상거래업","20379","20367","12","0","27","4","853"
"20252","11","서울시","CS300042","주유소","963","963","0","1","8","2","21"
"20252","11","서울시","CS300041","예술품","2293","2293","0","3","66","2","35"
"20252","11","서울시","CS300040","재생용품 판매점","1227","1227","0","0","2","1","12"
"20252","11","서울시","CS300039","모터사이클및부품","754","754","0","3","21","1","10"
"20252","11","서울시","CS300038","자동차부품","3539","3535","4","1","16","2","56"
"20252","11","서울시","CS300037","중고차판매","902","902","0","1","5","1","10"
"20252","11","서울시","CS300036","조명용품","11076","11068","8","0","25","1","88"
"20252","11","서울시","CS300035","인테리어","4296","4295","1","2","99","2","73"
"20252","11","서울시","CS300034","악기","760","760","0","2","12","1","4"
"20252","11","서울시","CS300033","철물점","2183","2183","0","2","50","1","28"
"20252","11","서울시","CS300032","가전제품","2473","2473","0","1","17","1","33"
"20252","11","서울시","CS300031","가구","3360","3357","3","1","28","1","44"
"20252","11","서울시","CS300030","중고가구","163","163","0","0","0","4","7"
"20252","11","서울시","CS300029","애완동물","2526","2346","180","6","158","3","79"
"20252","11","서울시","CS300028","화초","6124","6082","42","2","131","2","119"
"20252","11","서울시","CS300027","섬유제품","3006","3003","3","3","101","2","45"
"20252","11","서울시","CS300026","완구","1006","1004","2","5","47","3","27"
"20252","11","서울시","CS300025","자전거 및 기타운송장비","814","814","0","0","3","1","5"
"20252","11","서울시","CS300024","운동/경기용품","3868","3864","4","3","96","1","53"
"20252","11","서울시","CS300023","미용재료","1446","1446","0","3","49","3","38"
"20252","11","서울시","CS300022","화장품","14013","13224","789","2","249","2","289"
"20252","11","서울시","CS300021","문구","4518","4099","419","1","49","2","77"
"20252","11","서울시","CS300020","서적","4165","4088","77","1","56","3","107"
"20252","11","서울시","CS300019","의료기기","3899","3878","21","0","5","1","46"
"20252","11","서울시","CS300018","의약품","8986","8409","577","3","230","2","161"
"20252","11","서울시","CS300017","시계및귀금속","5882","5767","115","1","64","1","57"
"20252","11","서울시","CS300016","안경","2740","2034","706","2","47","2","40"
"20252","11","서울시","CS300015","가방","2973","2955","18","2","49","2","57"
"20252","11","서울시","CS300014","신발","4303","4221","82","1","38","2","87"
"20252","11","서울시","CS300013","유아의류","1701","1607","94","2","29","2","28"
"20252","11","서울시","CS300012","한복점","320","320","0","4","12","1","3"
"20252","11","서울시","CS300011","일반의류","47471","47379","92","2","1031","2","1006"
"20252","11","서울시","CS300010","반찬가게","9685","9346","339","3","242","2","223"
"20252","11","서울시","CS300009","청과상","9020","8979","41","1","106","2","205"
"20252","11","서울시","CS300008","수산물판매","5354","5310","44","0","9","2","101"
"20252","11","서울시","CS300007","육류판매","7048","7016","32","1","97","2","170"
"20252","11","서울시","CS300006","미곡판매","2912","2912","0","0","9","1","28"
"20252","11","서울시","CS300005","주류도매","892","892","0","0","0","2","15"
"20252","11","서울시","CS300004","핸드폰","6460","6412","48","0","22","2","153"
"20252","11","서울시","CS300003","컴퓨터및주변장치판매","9179","9176","3","1","49","1","100"
"20252","11","서울시","CS300002","편의점","9274","2565","6709","2","199","3","231"
"20252","11","서울시","CS300001","슈퍼마켓","12451","8689","3762","5","647","2","288"
"20252","11","서울시","CS200047","가정용품임대","1071","1069","2","0","2","2","19"
"20252","11","서울시","CS200046","의류임대","584","582","2","0","1","2","10"
"20252","11","서울시","CS200045","비디오/서적임대","221","200","21","1","3","1","1"
"20252","11","서울시","CS200044","여행사","6870","6865","5","1","44","1","90"
"20252","11","서울시","CS200043","건축물청소","5829","5720","109","0","12","2","96"
"20252","11","서울시","CS200042","통번역서비스","2156","2156","0","0","3","2","38"
"20252","11","서울시","CS200041","사진관","6849","6740","109","2","116","2","113"
"20252","11","서울시","CS200040","녹음실","1119","1117","2","0","2","2","20"
"20252","11","서울시","CS200039","DVD방","226","226","0","44","99","1","2"
"20252","11","서울시","CS200038","독서실","3466","2959","507","3","101","3","97"
"20252","11","서울시","CS200037","노래방","5656","5515","141","2","121","3","179"
"20252","11","서울시","CS200036","고시원","131","131","0","0","0","2","2"
"20252","11","서울시","CS200035","게스트하우스","1473","1460","13","0","4","2","32"
"20252","11","서울시","CS200034","여관","3160","3137","23","5","148","4","128"
"20252","11","서울시","CS200033","부동산중개업","38536","38483","53","0","43","2","725"
"20252","11","서울시","CS200032","가전제품수리","3037","3033","4","3","84","1","41"
"20252","11","서울시","CS200031","세탁소","6074","5026","1048","2","137","2","111"
"20252","11","서울시","CS200030","피부관리실","9592","9319","273","6","584","3","302"
"20252","11","서울시","CS200029","네일숍","4663","4575","88","0","2","3","127"
"20252","11","서울시","CS200028","미용실","21811","20169","1642","2","428","2","404"
"20252","11","서울시","CS200027","모터사이클수리","713","703","10","0","1","1","4"
"20252","11","서울시","CS200026","자동차미용","1762","1646","116","3","45","3","44"
"20252","11","서울시","CS200025","자동차수리","4577","4101","476","1","62","1","55"
"20252","11","서울시","CS200024","스포츠클럽","5006","4813","193","10","484","2","122"
"20252","11","서울시","CS200023","통신기기수리","540","540","0","3","18","1","7"
"20252","11","서울시","CS200022","복권방","1141","1141","0","0","0","1","13"
"20252","11","서울시","CS200021","기타오락장","1252","1089","163","6","74","3","39"
"20252","11","서울시","CS200020","전자게임장","237","223","14","2","4","3","7"
"20252","11","서울시","CS200019","PC방","1336","1213","123","1","19","6","75"
"20252","11","서울시","CS200018","볼링장","140","140","0","1","1","1","2"
"20252","11","서울시","CS200017","골프연습장","2015","1864","151","3","54","3","50"
"20252","11","서울시","CS200016","당구장","3820","3778","42","3","108","3","129"
"20252","11","서울시","CS200015","세무사사무소","7757","7757","0","0","13","1","38"
"20252","11","서울시","CS200014","회계사사무소","939","939","0","1","9","1","5"
"20252","11","서울시","CS200013","기타법무서비스","2384","2384","0","1","16","2","41"
"20252","11","서울시","CS200012","법무사사무소","2400","2400","0","2","55","0","10"
"20252","11","서울시","CS200011","변리사사무소","972","972","0","0","1","1","6"
"20252","11","서울시","CS200010","변호사사무소","4788","4788","0","1","42","2","73"
"20252","11","서울시","CS200009","동물병원","1045","1035","10","1","14","1","11"
"20252","11","서울시","CS200008","한의원","3835","3835","0","2","65","2","58"
"20252","11","서울시","CS200007","치과의원","4963","4963","0","1","34","1","44"
"20252","11","서울시","CS200006","일반의원","11558","11558","0","2","202","1","90"
"20252","11","서울시","CS200005","스포츠 강습","9086","8803","283","3","302","3","229"
"20252","11","서울시","CS200004","컴퓨터학원","408","402","6","0","1","3","14"
"20252","11","서울시","CS200003","예술학원","10483","10049","434","2","206","3","313"
"20252","11","서울시","CS200002","외국어학원","2465","2404","61","5","116","2","57"
"20252","11","서울시","CS200001","일반교습학원","26328","24096","2232","2","433","2","546"
"20252","11","서울시","CS100010","커피-음료","27843","20688","7155","4","1077","4","1186"
"20252","11","서울시","CS100009","호프-간이주점","16437","14614","1823","3","434","4","666"
"20252","11","서울시","CS100008","분식전문점","12086","9169","2917","4","452","4","516"
"20252","11","서울시","CS100007","치킨전문점","5900","2099","3801","4","230","5","276"
"20252","11","서울시","CS100006","패스트푸드점","6420","2941","3479","3","218","5","286"
"20252","11","서울시","CS100005","제과점","7210","5313","1897","4","256","4","274"
"20252","11","서울시","CS100004","양식음식점","8775","7846","929","4","316","4","322"
"20252","11","서울시","CS100003","일식음식점","7153","6078","1075","1","93","4","282"
"20252","11","서울시","CS100002","중식음식점","6310","5492","818","4","240","4","232"
"20252","11","서울시","CS100001","한식음식점","58974","51711","7263","4","2247","4","2330"
"20251","11","서울시","CS300043","전자상거래업","21249","21237","12","0","29","9","1969"
"20251","11","서울시","CS300042","주유소","978","978","0","2","20","2","20"
"20251","11","서울시","CS300041","예술품","2263","2263","0","2","41","3","58"
"20251","11","서울시","CS300040","재생용품 판매점","1238","1238","0","0","3","2","28"
"20251","11","서울시","CS300039","모터사이클및부품","746","746","0","2","16","2","13"
"20251","11","서울시","CS300038","자동차부품","3582","3578","4","0","8","2","84"
"20251","11","서울시","CS300037","중고차판매","910","910","0","0","3","3","26"
"20251","11","서울시","CS300036","조명용품","11141","11133","8","0","16","1","142"
"20251","11","서울시","CS300035","인테리어","4274","4272","2","2","76","2","75"
"20251","11","서울시","CS300034","악기","753","753","0","1","10","2","11"
"20251","11","서울시","CS300033","철물점","2161","2161","0","2","49","2","35"
"20251","11","서울시","CS300032","가전제품","2492","2492","0","1","24","2","38"
"20251","11","서울시","CS300031","가구","3378","3375","3","1","21","2","55"
"20251","11","서울시","CS300030","중고가구","170","170","0","0","0","2","3"
"20251","11","서울시","CS300029","애완동물","2452","2267","185","5","121","5","124"
"20251","11","서울시","CS300028","화초","6114","6072","42","2","106","2","148"
"20251","11","서울시","CS300027","섬유제품","2948","2945","3","4","113","2","46"
"20251","11","서울시","CS300026","완구","989","987","2","3","25","3","29"
"20251","11","서울시","CS300025","자전거 및 기타운송장비","818","818","0","1","6","2","17"
"20251","11","서울시","CS300024","운동/경기용품","3833","3828","5","2","63","2","74"
"20251","11","서울시","CS300023","미용재료","1435","1435","0","2","31","3","40"
"20251","11","서울시","CS300022","화장품","14069","13264","805","2","206","3","482"
"20251","11","서울시","CS300021","문구","4549","4120","429","1","64","2","106"
"20251","11","서울시","CS300020","서적","4221","4144","77","2","71","3","107"
"20251","11","서울시","CS300019","의료기기","3943","3922","21","0","5","2","71"
"20251","11","서울시","CS300018","의약품","8934","8352","582","3","220","2","148"
"20251","11","서울시","CS300017","시계및귀금속","5876","5760","116","1","50","2","106"
"20251","11","서울시","CS300016","안경","2734","2039","695","2","40","2","40"
"20251","11","서울시","CS300015","가방","2982","2964","18","2","53","3","95"
"20251","11","서울시","CS300014","신발","4358","4274","84","0","12","3","116"
"20251","11","서울시","CS300013","유아의류","1701","1603","98","1","14","3","43"
"20251","11","서울시","CS300012","한복점","311","311","0","5","16","2","7"
"20251","11","서울시","CS300011","일반의류","47489","47396","93","1","428","3","1339"
"20251","11","서울시","CS300010","반찬가게","9680","9346","334","2","191","3","242"
"20251","11","서울시","CS300009","청과상","9130","9082","48","1","95","3","246"
"20251","11","서울시","CS300008","수산물판매","5448","5401","47","0","15","2","126"
"20251","11","서울시","CS300007","육류판매","7125","7092","33","1","76","3","204"
"20251","11","서울시","CS300006","미곡판매","2932","2932","0","1","17","2","70"
"20251","11","서울시","CS300005","주류도매","908","908","0","0","3","2","15"
"20251","11","서울시","CS300004","핸드폰","6604","6558","46","0","13","3","164"
"20251","11","서울시","CS300003","컴퓨터및주변장치판매","9235","9232","3","1","66","2","181"
"20251","11","서울시","CS300002","편의점","9310","2571","6739","2","168","3","280"
"20251","11","서울시","CS300001","슈퍼마켓","12106","8426","3680","4","434","3","310"
"20251","11","서울시","CS200047","가정용품임대","1089","1087","2","0","1","3","34"
"20251","11","서울시","CS200046","의류임대","593","591","2","1","5","3","15"
"20251","11","서울시","CS200045","비디오/서적임대","219","198","21","1","3","3","7"
"20251","11","서울시","CS200044","여행사","6925","6920","5","1","33","2","116"
"20251","11","서울시","CS200043","건축물청소","5921","5812","109","0","4","2","145"
"20251","11","서울시","CS200042","통번역서비스","2192","2192","0","0","4","3","64"
"20251","11","서울시","CS200041","사진관","6849","6738","111","2","102","2","167"
"20251","11","서울시","CS200040","녹음실","1137","1135","2","0","4","3","28"
"20251","11","서울시","CS200039","DVD방","128","128","0","60","77","2","2"
"20251","11","서울시","CS200038","독서실","3464","2953","511","3","114","4","148"
"20251","11","서울시","CS200037","노래방","5718","5580","138","2","115","3","151"
"20251","11","서울시","CS200036","고시원","134","134","0","0","0","1","1"
"20251","11","서울시","CS200035","게스트하우스","1503","1489","14","0","6","2","33"
"20251","11","서울시","CS200034","여관","3143","3120","23","4","136","3","81"
"20251","11","서울시","CS200033","부동산중개업","39264","39208","56","0","40","2","932"
"20251","11","서울시","CS200032","가전제품수리","2997","2993","4","3","76","2","65"
"20251","11","서울시","CS200031","세탁소","6053","5005","1048","2","114","2","126"
"20251","11","서울시","CS200030","피부관리실","9314","9037","277","6","519","3","252"
"20251","11","서울시","CS200029","네일숍","4790","4703","87","0","3","3","139"
"20251","11","서울시","CS200028","미용실","21787","20162","1625","2","336","2","381"
"20251","11","서울시","CS200027","모터사이클수리","716","706","10","0","1","1","9"
"20251","11","서울시","CS200026","자동차미용","1762","1648","114","2","41","3","59"
"20251","11","서울시","CS200025","자동차수리","4568","4091","477","1","56","1","63"
"20251","11","서울시","CS200024","스포츠클럽","4650","4455","195","1","21","3","130"
"20251","11","서울시","CS200023","통신기기수리","530","530","0","2","11","3","16"
"20251","11","서울시","CS200022","복권방","1154","1154","0","0","0","2","20"
"20251","11","서울시","CS200021","기타오락장","1213","1057","156","4","52","5","58"
"20251","11","서울시","CS200020","전자게임장","240","227","13","0","1","3","8"
"20251","11","서울시","CS200019","PC방","1391","1260","131","1","7","5","65"
"20251","11","서울시","CS200018","볼링장","141","141","0","1","2","3","4"
"20251","11","서울시","CS200017","골프연습장","2011","1865","146","2","39","3","62"
"20251","11","서울시","CS200016","당구장","3846","3804","42","2","85","4","141"
"20251","11","서울시","CS200015","세무사사무소","7791","7791","0","0","23","1","67"
"20251","11","서울시","CS200014","회계사사무소","934","934","0","1","13","1","7"
"20251","11","서울시","CS200013","기타법무서비스","2415","2415","0","1","25","2","51"
"20251","11","서울시","CS200012","법무사사무소","2354","2354","0","2","50","1","24"
"20251","11","서울시","CS200011","변리사사무소","977","977","0","0","1","0","4"
"20251","11","서울시","CS200010","변호사사무소","4819","4819","0","1","56","2","108"
"20251","11","서울시","CS200009","동물병원","1042","1032","10","2","18","1","12"
"20251","11","서울시","CS200008","한의원","3826","3826","0","2","57","1","47"
"20251","11","서울시","CS200007","치과의원","4975","4975","0","1","48","1","57"
"20251","11","서울시","CS200006","일반의원","11441","11441","0","2","197","1","116"
"20251","11","서울시","CS200005","스포츠 강습","9014","8733","281","3","272","3","292"
"20251","11","서울시","CS200004","컴퓨터학원","421","413","8","1","2","4","17"
"20251","11","서울시","CS200003","예술학원","10598","10153","445","2","247","3","357"
"20251","11","서울시","CS200002","외국어학원","2411","2351","60","7","158","3","79"
"20251","11","서울시","CS200001","일반교습학원","26468","24247","2221","2","553","3","827"
"20251","11","서울시","CS100010","커피-음료","27961","20824","7137","3","876","4","1125"
"20251","11","서울시","CS100009","호프-간이주점","16690","14838","1852","2","283","4","674"
"20251","11","서울시","CS100008","분식전문점","12160","9198","2962","3","386","4","537"
"20251","11","서울시","CS100007","치킨전문점","5946","2124","3822","3","193","4","250"
"20251","11","서울시","CS100006","패스트푸드점","6490","2985","3505","3","171","5","289"
"20251","11","서울시","CS100005","제과점","7233","5323","1910","3","223","4","267"
"20251","11","서울시","CS100004","양식음식점","8789","7841","948","3","242","4","346"
"20251","11","서울시","CS100003","일식음식점","7346","6241","1105","1","100","4","254"
"20251","11","서울시","CS100002","중식음식점","6303","5488","815","3","199","4","249"
"20251","11","서울시","CS100001","한식음식점","59083","51706","7377","3","1935","4","2250"
"20244","11","서울시","CS300043","전자상거래업","23235","23220","15","0","8","5","1105"
"20244","11","서울시","CS300042","주유소","978","978","0","2","16","1","14"
"20244","11","서울시","CS300041","예술품","2281","2281","0","2","49","1","17"
"20244","11","서울시","CS300040","재생용품 판매점","1263","1263","0","0","1","2","19"
"20244","11","서울시","CS300039","모터사이클및부품","743","743","0","1","8","1","10"
"20244","11","서울시","CS300038","자동차부품","3662","3658","4","0","5","1","32"
"20244","11","서울시","CS300037","중고차판매","933","933","0","0","4","2","16"
"20244","11","서울시","CS300036","조명용품","11273","11265","8","0","22","1","86"
"20244","11","서울시","CS300035","인테리어","4276","4274","2","2","86","1","55"
"20244","11","서울시","CS300034","악기","755","755","0","1","6","0","1"
"20244","11","서울시","CS300033","철물점","2148","2148","0","1","31","1","29"
"20244","11","서울시","CS300032","가전제품","2511","2511","0","0","11","1","29"
"20244","11","서울시","CS300031","가구","3410","3407","3","1","23","2","52"
"20244","11","서울시","CS300030","중고가구","173","173","0","0","0","2","3"
"20244","11","서울시","CS300029","애완동물","2461","2269","192","6","145","3","65"
"20244","11","서울시","CS300028","화초","6153","6111","42","2","124","2","97"
"20244","11","서울시","CS300027","섬유제품","2880","2876","4","2","56","1","36"
"20244","11","서울시","CS300026","완구","993","992","1","5","53","1","9"
"20244","11","서울시","CS300025","자전거 및 기타운송장비","831","831","0","1","6","1","7"
"20244","11","서울시","CS300024","운동/경기용품","3851","3846","5","2","66","1","55"
"20244","11","서울시","CS300023","미용재료","1444","1444","0","2","31","2","22"
"20244","11","서울시","CS300022","화장품","14351","13527","824","1","103","2","291"
"20244","11","서울시","CS300021","문구","4592","4157","435","1","64","1","63"
"20244","11","서울시","CS300020","서적","4258","4179","79","1","58","1","55"
"20244","11","서울시","CS300019","의료기기","4015","3994","21","1","56","1","39"
"20244","11","서울시","CS300018","의약품","8850","8275","575","2","164","2","147"
"20244","11","서울시","CS300017","시계및귀금속","5935","5821","114","1","58","1","71"
"20244","11","서울시","CS300016","안경","2735","2039","696","1","28","1","29"
"20244","11","서울시","CS300015","가방","3025","3007","18","1","37","2","45"
"20244","11","서울시","CS300014","신발","4465","4381","84","1","28","3","117"
"20244","11","서울시","CS300013","유아의류","1730","1629","101","1","19","3","48"
"20244","11","서울시","CS300012","한복점","302","302","0","0","0","1","4"
"20244","11","서울시","CS300011","일반의류","48445","48350","95","1","580","2","992"
"20244","11","서울시","CS300010","반찬가게","9735","9398","337","3","284","2","176"
"20244","11","서울시","CS300009","청과상","9291","9247","44","2","199","2","186"
"20244","11","서울시","CS300008","수산물판매","5562","5516","46","0","6","2","106"
"20244","11","서울시","CS300007","육류판매","7256","7223","33","1","93","2","165"
"20244","11","서울시","CS300006","미곡판매","2985","2985","0","0","7","1","33"
"20244","11","서울시","CS300005","주류도매","920","920","0","0","0","1","11"
"20244","11","서울시","CS300004","핸드폰","6761","6714","47","1","31","2","150"
"20244","11","서울시","CS300003","컴퓨터및주변장치판매","9352","9349","3","0","36","1","85"
"20244","11","서울시","CS300002","편의점","9426","2609","6817","2","181","3","288"
"20244","11","서울시","CS300001","슈퍼마켓","11982","8316","3666","4","432","2","292"
"20244","11","서울시","CS200047","가정용품임대","1122","1120","2","0","0","1","12"
"20244","11","서울시","CS200046","의류임대","603","601","2","0","1","3","15"
"20244","11","서울시","CS200045","비디오/서적임대","223","202","21","1","2","3","7"
"20244","11","서울시","CS200044","여행사","7011","7005","6","1","37","1","83"
"20244","11","서울시","CS200043","건축물청소","6071","5961","110","1","74","2","121"
"20244","11","서울시","CS200042","통번역서비스","2255","2255","0","0","0","2","35"
"20244","11","서울시","CS200041","사진관","6913","6802","111","2","122","2","113"
"20244","11","서울시","CS200040","녹음실","1162","1160","2","0","0","1","16"
"20244","11","서울시","CS200039","DVD방","52","52","0","44","23","0","0"
"20244","11","서울시","CS200038","독서실","3499","2971","528","5","157","3","106"
"20244","11","서울시","CS200037","노래방","5760","5624","136","3","167","4","200"
"20244","11","서울시","CS200036","고시원","135","135","0","0","0","2","3"
"20244","11","서울시","CS200035","게스트하우스","1532","1518","14","0","4","2","30"
"20244","11","서울시","CS200034","여관","3090","3066","24","5","154","3","87"
"20244","11","서울시","CS200033","부동산중개업","40185","40129","56","0","17","2","739"
"20244","11","서울시","CS200032","가전제품수리","2987","2983","4","1","32","1","40"
"20244","11","서울시","CS200031","세탁소","6064","5024","1040","2","122","2","107"
"20244","11","서울시","CS200030","피부관리실","9043","8765","278","6","498","2","206"
"20244","11","서울시","CS200029","네일숍","4929","4842","87","0","2","3","134"
"20244","11","서울시","CS200028","미용실","21831","20200","1631","2","420","2","364"
"20244","11","서울시","CS200027","모터사이클수리","725","714","11","3","20","2","15"
"20244","11","서울시","CS200026","자동차미용","1780","1664","116","2","29","2","36"
"20244","11","서울시","CS200025","자동차수리","4577","4101","476","1","58","1","46"
"20244","11","서울시","CS200024","스포츠클럽","4762","4562","200","3","129","3","128"
"20244","11","서울시","CS200023","통신기기수리","535","535","0","1","6","1","7"
"20244","11","서울시","CS200022","복권방","1174","1174","0","0","0","1","17"
"20244","11","서울시","CS200021","기타오락장","1217","1065","152","2","23","4","51"
"20244","11","서울시","CS200020","전자게임장","248","235","13","0","1","7","18"
"20244","11","서울시","CS200019","PC방","1451","1318","133","5","71","5","70"
"20244","11","서울시","CS200018","볼링장","143","143","0","1","1","1","1"
"20244","11","서울시","CS200017","골프연습장","2031","1891","140","3","55","3","51"
"20244","11","서울시","CS200016","당구장","3906","3864","42","4","158","4","152"
"20244","11","서울시","CS200015","세무사사무소","7837","7837","0","2","116","1","65"
"20244","11","서울시","CS200014","회계사사무소","928","928","0","1","6","0","3"
"20244","11","서울시","CS200013","기타법무서비스","2441","2441","0","0","2","1","18"
"20244","11","서울시","CS200012","법무사사무소","2328","2328","0","0","8","1","11"
"20244","11","서울시","CS200011","변리사사무소","980","980","0","0","0","1","5"
"20244","11","서울시","CS200010","변호사사무소","4870","4870","0","1","26","1","68"
"20244","11","서울시","CS200009","동물병원","1036","1026","10","1","8","1","6"
"20244","11","서울시","CS200008","한의원","3816","3816","0","1","25","1","31"
"20244","11","서울시","CS200007","치과의원","4985","4985","0","0","17","1","35"
"20244","11","서울시","CS200006","일반의원","11362","11362","0","2","253","1","78"
"20244","11","서울시","CS200005","스포츠 강습","9041","8756","285","3","225","3","233"
"20244","11","서울시","CS200004","컴퓨터학원","436","428","8","0","0","4","17"
"20244","11","서울시","CS200003","예술학원","10717","10267","450","2","244","3","264"
"20244","11","서울시","CS200002","외국어학원","2334","2275","59","2","41","2","43"
"20244","11","서울시","CS200001","일반교습학원","26773","24550","2223","3","879","2","625"
"20244","11","서울시","CS100010","커피-음료","28230","21096","7134","4","980","4","1188"
"20244","11","서울시","CS100009","호프-간이주점","17092","15207","1885","3","419","4","746"
"20244","11","서울시","CS100008","분식전문점","12321","9314","3007","4","456","4","525"
"20244","11","서울시","CS100007","치킨전문점","6001","2119","3882","3","172","5","294"
"20244","11","서울시","CS100006","패스트푸드점","6614","3086","3528","4","235","4","284"
"20244","11","서울시","CS100005","제과점","7281","5350","1931","4","252","4","278"
"20244","11","서울시","CS100004","양식음식점","8900","7910","990","4","320","4","378"
"20244","11","서울시","CS100003","일식음식점","7501","6378","1123","4","299","4","308"
"20244","11","서울시","CS100002","중식음식점","6354","5534","820","4","234","5","287"
"20244","11","서울시","CS100001","한식음식점","59427","51951","7476","4","2468","4","2071"
"20243","11","서울시","CS300043","전자상거래업","24337","24322","15","0","0","5","1269"
"20243","11","서울시","CS300042","주유소","977","977","0","1","5","2","21"
"20243","11","서울시","CS300041","예술품","2249","2249","0","2","45","2","34"
"20243","11","서울시","CS300040","재생용품 판매점","1281","1281","0","0","0","2","21"
"20243","11","서울시","CS300039","모터사이클및부품","745","745","0","0","0","2","15"
"20243","11","서울시","CS300038","자동차부품","3688","3684","4","0","0","2","62"
"20243","11","서울시","CS300037","중고차판매","945","945","0","0","4","2","23"
"20243","11","서울시","CS300036","조명용품","11340","11332","8","0","18","1","147"
"20243","11","서울시","CS300035","인테리어","4242","4240","2","2","73","2","79"
"20243","11","서울시","CS300034","악기","750","750","0","2","12","1","5"
"20243","11","서울시","CS300033","철물점","2146","2146","0","1","25","1","25"
"20243","11","서울시","CS300032","가전제품","2531","2531","0","1","25","1","32"
"20243","11","서울시","CS300031","가구","3441","3438","3","1","26","2","56"
"20243","11","서울시","CS300030","중고가구","176","176","0","0","0","2","4"
"20243","11","서울시","CS300029","애완동물","2382","2187","195","5","129","4","84"
"20243","11","서울시","CS300028","화초","6125","6083","42","2","123","2","103"
"20243","11","서울시","CS300027","섬유제품","2860","2856","4","1","24","2","60"
"20243","11","서울시","CS300026","완구","950","949","1","4","33","3","25"
"20243","11","서울시","CS300025","자전거 및 기타운송장비","832","832","0","1","8","1","11"
"20243","11","서울시","CS300024","운동/경기용품","3840","3835","5","2","73","2","81"
"20243","11","서울시","CS300023","미용재료","1435","1435","0","0","6","2","25"
"20243","11","서울시","CS300022","화장품","14541","13697","844","0","36","3","358"
"20243","11","서울시","CS300021","문구","4589","4143","446","1","57","2","87"
"20243","11","서울시","CS300020","서적","4254","4174","80","2","73","2","74"
"20243","11","서울시","CS300019","의료기기","3998","3976","22","2","92","2","73"
"20243","11","서울시","CS300018","의약품","8833","8266","567","2","144","2","163"
"20243","11","서울시","CS300017","시계및귀금속","5949","5836","113","1","52","1","83"
"20243","11","서울시","CS300016","안경","2736","2048","688","2","41","1","39"
"20243","11","서울시","CS300015","가방","3033","3015","18","1","30","3","78"
"20243","11","서울시","CS300014","신발","4553","4467","86","1","29","3","121"
"20243","11","서울시","CS300013","유아의류","1760","1658","102","1","20","3","44"
"20243","11","서울시","CS300012","한복점","306","306","0","0","0","0","1"
"20243","11","서울시","CS300011","일반의류","48862","48766","96","1","590","3","1219"
"20243","11","서울시","CS300010","반찬가게","9626","9291","335","3","257","3","245"
"20243","11","서울시","CS300009","청과상","9281","9234","47","3","313","2","203"
"20243","11","서울시","CS300008","수산물판매","5662","5615","47","0","1","3","168"
"20243","11","서울시","CS300007","육류판매","7330","7297","33","1","99","3","198"
"20243","11","서울시","CS300006","미곡판매","3011","3011","0","0","0","1","37"
"20243","11","서울시","CS300005","주류도매","931","931","0","0","0","1","12"
"20243","11","서울시","CS300004","핸드폰","6881","6832","49","1","50","3","179"
"20243","11","서울시","CS300003","컴퓨터및주변장치판매","9401","9398","3","0","21","1","126"
"20243","11","서울시","CS300002","편의점","9533","2634","6899","3","236","4","336"
"20243","11","서울시","CS300001","슈퍼마켓","11845","8227","3618","4","487","4","436"
"20243","11","서울시","CS200047","가정용품임대","1134","1132","2","0","0","2","19"
"20243","11","서울시","CS200046","의류임대","617","615","2","0","0","2","12"
"20243","11","서울시","CS200045","비디오/서적임대","228","206","22","3","6","1","2"
"20243","11","서울시","CS200044","여행사","7059","7053","6","1","43","1","96"
"20243","11","서울시","CS200043","건축물청소","6120","6011","109","2","100","2","149"
"20243","11","서울시","CS200042","통번역서비스","2291","2291","0","0","0","2","49"
"20243","11","서울시","CS200041","사진관","6904","6794","110","1","99","2","145"
"20243","11","서울시","CS200040","녹음실","1178","1176","2","0","0","2","24"
"20243","11","서울시","CS200039","DVD방","29","29","0","0","0","0","0"
"20243","11","서울시","CS200038","독서실","3449","2913","536","6","191","3","110"
"20243","11","서울시","CS200037","노래방","5793","5658","135","2","139","3","196"
"20243","11","서울시","CS200036","고시원","138","138","0","0","0","2","3"
"20243","11","서울시","CS200035","게스트하우스","1558","1544","14","1","9","4","58"
"20243","11","서울시","CS200034","여관","3023","2999","24","6","175","3","84"
"20243","11","서울시","CS200033","부동산중개업","40911","40854","57","0","22","2","884"
"20243","11","서울시","CS200032","가전제품수리","2995","2992","3","0","12","2","48"
"20243","11","서울시","CS200031","세탁소","6049","5011","1038","2","115","2","114"
"20243","11","서울시","CS200030","피부관리실","8748","8474","274","5","449","2","197"
"20243","11","서울시","CS200029","네일숍","5060","4972","88","0","2","2","120"
"20243","11","서울시","CS200028","미용실","21774","20146","1628","2","375","2","346"
"20243","11","서울시","CS200027","모터사이클수리","720","707","13","3","23","2","11"
"20243","11","서울시","CS200026","자동차미용","1788","1671","117","2","38","2","42"
"20243","11","서울시","CS200025","자동차수리","4566","4087","479","1","56","1","55"
"20243","11","서울시","CS200024","스포츠클럽","4761","4560","201","4","206","3","124"
"20243","11","서울시","CS200023","통신기기수리","536","536","0","0","0","2","10"
"20243","11","서울시","CS200022","복권방","1191","1191","0","0","0","2","21"
"20243","11","서울시","CS200021","기타오락장","1244","1094","150","2","26","6","73"
"20243","11","서울시","CS200020","전자게임장","265","253","12","0","1","7","19"
"20243","11","서울시","CS200019","PC방","1450","1314","136","7","100","6","83"
"20243","11","서울시","CS200018","볼링장","143","143","0","1","2","2","3"
"20243","11","서울시","CS200017","골프연습장","2027","1890","137","3","52","3","52"
"20243","11","서울시","CS200016","당구장","3900","3848","52","4","165","4","138"
"20243","11","서울시","CS200015","세무사사무소","7785","7785","0","2","163","1","76"
"20243","11","서울시","CS200014","회계사사무소","925","925","0","0","0","2","15"
"20243","11","서울시","CS200013","기타법무서비스","2457","2457","0","0","0","2","48"
"20243","11","서울시","CS200012","법무사사무소","2330","2330","0","0","0","1","30"
"20243","11","서울시","CS200011","변리사사무소","985","985","0","0","0","1","9"
"20243","11","서울시","CS200010","변호사사무소","4910","4910","0","0","0","2","83"
"20243","11","서울시","CS200009","동물병원","1034","1024","10","1","9","1","7"
"20243","11","서울시","CS200008","한의원","3822","3822","0","0","0","1","49"
"20243","11","서울시","CS200007","치과의원","5003","5003","0","0","0","1","53"
"20243","11","서울시","CS200006","일반의원","11189","11189","0","3","289","1","105"
"20243","11","서울시","CS200005","스포츠 강습","9049","8759","290","2","214","3","253"
"20243","11","서울시","CS200004","컴퓨터학원","453","445","8","0","0","4","16"
"20243","11","서울시","CS200003","예술학원","10738","10281","457","3","281","2","248"
"20243","11","서울시","CS200002","외국어학원","2337","2277","60","0","1","2","56"
"20243","11","서울시","CS200001","일반교습학원","26524","24306","2218","4","1110","2","579"
"20243","11","서울시","CS100010","커피-음료","28437","21302","7135","4","1163","5","1365"
"20243","11","서울시","CS100009","호프-간이주점","17421","15498","1923","2","410","4","773"
"20243","11","서울시","CS100008","분식전문점","12391","9335","3056","4","499","5","612"
"20243","11","서울시","CS100007","치킨전문점","6122","2186","3936","2","119","5","308"
"20243","11","서울시","CS100006","패스트푸드점","6663","3142","3521","3","203","5","337"
"20243","11","서울시","CS100005","제과점","7305","5349","1956","4","255","4","310"
"20243","11","서울시","CS100004","양식음식점","8956","7939","1017","3","270","4","387"
"20243","11","서울시","CS100003","일식음식점","7510","6372","1138","5","402","4","314"
"20243","11","서울시","CS100002","중식음식점","6406","5559","847","4","225","5","340"
"20243","11","서울시","CS100001","한식음식점","59035","51531","7504","4","2512","4","2308"
"20242","11","서울시","CS300043","전자상거래업","25606","25590","16","0","0","6","1482"
"20242","11","서울시","CS300042","주유소","993","993","0","2","18","2","20"
"20242","11","서울시","CS300041","예술품","2238","2238","0","2","47","2","38"
"20242","11","서울시","CS300040","재생용품 판매점","1302","1302","0","0","0","2","21"
"20242","11","서울시","CS300039","모터사이클및부품","760","760","0","0","0","2","13"
"20242","11","서울시","CS300038","자동차부품","3750","3746","4","0","0","1","46"
"20242","11","서울시","CS300037","중고차판매","964","964","0","0","2","2","14"
"20242","11","서울시","CS300036","조명용품","11469","11461","8","0","16","1","86"
"20242","11","서울시","CS300035","인테리어","4248","4246","2","2","81","2","77"
"20242","11","서울시","CS300034","악기","743","743","0","1","5","1","9"
"20242","11","서울시","CS300033","철물점","2146","2145","1","1","28","1","22"
"20242","11","서울시","CS300032","가전제품","2538","2538","0","1","14","1","30"
"20242","11","서울시","CS300031","가구","3471","3468","3","1","28","1","49"
"20242","11","서울시","CS300030","중고가구","180","180","0","0","0","2","4"
"20242","11","서울시","CS300029","애완동물","2337","2140","197","7","153","3","72"
"20242","11","서울시","CS300028","화초","6105","6061","44","3","151","2","120"
"20242","11","서울시","CS300027","섬유제품","2896","2892","4","1","39","2","45"
"20242","11","서울시","CS300026","완구","942","941","1","3","24","3","28"
"20242","11","서울시","CS300025","자전거 및 기타운송장비","835","835","0","1","12","2","15"
"20242","11","서울시","CS300024","운동/경기용품","3848","3843","5","2","78","2","59"
"20242","11","서울시","CS300023","미용재료","1454","1454","0","0","5","2","23"
"20242","11","서울시","CS300022","화장품","14863","13999","864","0","37","3","376"
"20242","11","서울시","CS300021","문구","4619","4171","448","2","97","2","106"
"20242","11","서울시","CS300020","서적","4255","4172","83","2","67","2","72"
"20242","11","서울시","CS300019","의료기기","3979","3957","22","2","88","2","62"
"20242","11","서울시","CS300018","의약품","8852","8282","570","2","168","2","196"
"20242","11","서울시","CS300017","시계및귀금속","5980","5867","113","1","40","1","69"
"20242","11","서울시","CS300016","안경","2734","2044","690","2","55","2","46"
"20242","11","서울시","CS300015","가방","3081","3063","18","1","43","2","53"
"20242","11","서울시","CS300014","신발","4645","4558","87","1","37","2","97"
"20242","11","서울시","CS300013","유아의류","1784","1678","106","1","24","3","53"
"20242","11","서울시","CS300012","한복점","307","307","0","0","0","3","9"
"20242","11","서울시","CS300011","일반의류","49491","49393","98","1","619","2","1106"
"20242","11","서울시","CS300010","반찬가게","9614","9279","335","4","332","2","213"
"20242","11","서울시","CS300009","청과상","9171","9125","46","3","255","2","207"
"20242","11","서울시","CS300008","수산물판매","5829","5783","46","0","1","2","126"
"20242","11","서울시","CS300007","육류판매","7429","7396","33","1","95","3","199"
"20242","11","서울시","CS300006","미곡판매","3048","3048","0","0","0","1","39"
"20242","11","서울시","CS300005","주류도매","943","943","0","0","0","1","11"
"20242","11","서울시","CS300004","핸드폰","7010","6960","50","1","64","3","195"
"20242","11","서울시","CS300003","컴퓨터및주변장치판매","9506","9503","3","0","24","1","119"
"20242","11","서울시","CS300002","편의점","9633","2631","7002","3","301","4","387"
"20242","11","서울시","CS300001","슈퍼마켓","11794","8214","3580","5","586","3","379"
"20242","11","서울시","CS200047","가정용품임대","1153","1151","2","0","0","3","29"
"20242","11","서울시","CS200046","의류임대","629","627","2","0","0","3","20"
"20242","11","서울시","CS200045","비디오/서적임대","224","202","22","3","7","2","5"
"20242","11","서울시","CS200044","여행사","7112","7106","6","1","45","2","107"
"20242","11","서울시","CS200043","건축물청소","6169","6059","110","2","133","3","153"
"20242","11","서울시","CS200042","통번역서비스","2340","2340","0","0","6","2","39"
"20242","11","서울시","CS200041","사진관","6950","6838","112","2","110","2","141"
"20242","11","서울시","CS200040","녹음실","1202","1200","2","0","0","1","15"
"20242","11","서울시","CS200039","DVD방","29","29","0","0","0","10","3"
"20242","11","서울시","CS200038","독서실","3368","2817","551","6","184","4","125"
"20242","11","서울시","CS200037","노래방","5850","5714","136","2","123","4","209"
"20242","11","서울시","CS200036","고시원","141","141","0","0","0","0","0"
"20242","11","서울시","CS200035","게스트하우스","1607","1593","14","0","0","2","38"
"20242","11","서울시","CS200034","여관","2932","2908","24","6","167","3","84"
"20242","11","서울시","CS200033","부동산중개업","41773","41715","58","0","32","3","1036"
"20242","11","서울시","CS200032","가전제품수리","3031","3028","3","0","7","2","61"
"20242","11","서울시","CS200031","세탁소","6048","4998","1050","2","120","2","110"
"20242","11","서울시","CS200030","피부관리실","8496","8224","272","8","637","3","213"
"20242","11","서울시","CS200029","네일숍","5178","5088","90","0","0","3","130"
"20242","11","서울시","CS200028","미용실","21745","20108","1637","2","427","2","418"
"20242","11","서울시","CS200027","모터사이클수리","708","695","13","2","17","1","9"
"20242","11","서울시","CS200026","자동차미용","1792","1675","117","4","76","3","46"
"20242","11","서울시","CS200025","자동차수리","4565","4089","476","1","50","1","45"
"20242","11","서울시","CS200024","스포츠클럽","4679","4476","203","4","188","3","115"
"20242","11","서울시","CS200023","통신기기수리","546","546","0","0","0","2","8"
"20242","11","서울시","CS200022","복권방","1212","1212","0","0","0","2","20"
"20242","11","서울시","CS200021","기타오락장","1291","1144","147","2","30","8","108"
"20242","11","서울시","CS200020","전자게임장","283","271","12","1","2","6","17"
"20242","11","서울시","CS200019","PC방","1433","1289","144","6","90","6","87"
"20242","11","서울시","CS200018","볼링장","144","144","0","1","2","1","2"
"20242","11","서울시","CS200017","골프연습장","2027","1892","135","3","50","3","54"
"20242","11","서울시","CS200016","당구장","3873","3821","52","5","204","4","139"
"20242","11","서울시","CS200015","세무사사무소","7698","7698","0","2","151","1","35"
"20242","11","서울시","CS200014","회계사사무소","940","940","0","0","0","0","3"
"20242","11","서울시","CS200013","기타법무서비스","2505","2505","0","0","0","1","33"
"20242","11","서울시","CS200012","법무사사무소","2360","2360","0","0","0","1","19"
"20242","11","서울시","CS200011","변리사사무소","994","994","0","0","0","1","11"
"20242","11","서울시","CS200010","변호사사무소","4993","4993","0","0","0","1","61"
"20242","11","서울시","CS200009","동물병원","1032","1022","10","2","17","0","2"
"20242","11","서울시","CS200008","한의원","3871","3871","0","0","0","2","61"
"20242","11","서울시","CS200007","치과의원","5056","5056","0","0","0","1","61"
"20242","11","서울시","CS200006","일반의원","11005","11005","0","3","311","1","86"
"20242","11","서울시","CS200005","스포츠 강습","9088","8792","296","2","207","3","290"
"20242","11","서울시","CS200004","컴퓨터학원","469","461","8","0","0","5","22"
"20242","11","서울시","CS200003","예술학원","10705","10249","456","3","310","3","344"
"20242","11","서울시","CS200002","외국어학원","2392","2327","65","0","0","2","57"
"20242","11","서울시","CS200001","일반교습학원","25993","23768","2225","4","1144","2","567"
"20242","11","서울시","CS100010","커피-음료","28639","21520","7119","4","1222","4","1258"
"20242","11","서울시","CS100009","호프-간이주점","17784","15811","1973","3","471","5","866"
"20242","11","서울시","CS100008","분식전문점","12504","9395","3109","5","597","5","567"
"20242","11","서울시","CS100007","치킨전문점","6311","2302","4009","2","145","5","322"
"20242","11","서울시","CS100006","패스트푸드점","6797","3246","3551","3","231","4","301"
"20242","11","서울시","CS100005","제과점","7360","5374","1986","4","276","4","285"
"20242","11","서울시","CS100004","양식음식점","9073","8041","1032","4","356","5","428"
"20242","11","서울시","CS100003","일식음식점","7422","6265","1157","6","430","5","358"
"20242","11","서울시","CS100002","중식음식점","6521","5651","870","4","275","5","311"
"20242","11","서울시","CS100001","한식음식점","58831","51213","7618","5","2821","4","2382"
"20241","11","서울시","CS300043","전자상거래업","27088","27072","16","0","40","10","2705"
"20241","11","서울시","CS300042","주유소","995","995","0","1","10","1","12"
"20241","11","서울시","CS300041","예술품","2229","2229","0","2","39","3","63"
"20241","11","서울시","CS300040","재생용품 판매점","1323","1323","0","0","1","2","21"
"20241","11","서울시","CS300039","모터사이클및부품","773","773","0","0","1","5","37"
"20241","11","서울시","CS300038","자동차부품","3796","3792","4","0","6","2","79"
"20241","11","서울시","CS300037","중고차판매","976","976","0","1","7","3","32"
"20241","11","서울시","CS300036","조명용품","11539","11531","8","0","20","1","141"
"20241","11","서울시","CS300035","인테리어","4244","4242","2","2","82","2","95"
"20241","11","서울시","CS300034","악기","747","747","0","1","4","2","15"
"20241","11","서울시","CS300033","철물점","2140","2139","1","1","25","1","28"
"20241","11","서울시","CS300032","가전제품","2554","2554","0","1","20","2","45"
"20241","11","서울시","CS300031","가구","3492","3489","3","1","34","2","84"
"20241","11","서울시","CS300030","중고가구","184","184","0","0","0","3","5"
"20241","11","서울시","CS300029","애완동물","2256","2057","199","7","151","3","68"
"20241","11","서울시","CS300028","화초","6074","6030","44","3","175","3","168"
"20241","11","서울시","CS300027","섬유제품","2902","2898","4","1","30","2","48"
"20241","11","서울시","CS300026","완구","946","945","1","4","34","3","25"
"20241","11","서울시","CS300025","자전거 및 기타운송장비","838","838","0","2","18","3","27"
"20241","11","서울시","CS300024","운동/경기용품","3829","3824","5","2","91","2","62"
"20241","11","서울시","CS300023","미용재료","1472","1472","0","1","12","2","25"
"20241","11","서울시","CS300022","화장품","15202","14320","882","1","84","3","509"
"20241","11","서울시","CS300021","문구","4628","4173","455","2","108","2","95"
"20241","11","서울시","CS300020","서적","4260","4178","82","2","89","3","110"
"20241","11","서울시","CS300019","의료기기","3953","3930","23","2","92","2","71"
"20241","11","서울시","CS300018","의약품","8880","8317","563","3","276","2","167"
"20241","11","서울시","CS300017","시계및귀금속","6009","5896","113","1","54","2","99"
"20241","11","서울시","CS300016","안경","2725","2033","692","2","57","1","35"
"20241","11","서울시","CS300015","가방","3091","3072","19","1","33","3","98"
"20241","11","서울시","CS300014","신발","4705","4617","88","1","56","3","126"
"20241","11","서울시","CS300013","유아의류","1813","1702","111","1","21","3","59"
"20241","11","서울시","CS300012","한복점","316","316","0","0","0","3","8"
"20241","11","서울시","CS300011","일반의류","49978","49877","101","1","634","3","1522"
"20241","11","서울시","CS300010","반찬가게","9495","9159","336","3","295","3","260"
"20241","11","서울시","CS300009","청과상","9123","9076","47","3","289","3","269"
"20241","11","서울시","CS300008","수산물판매","5954","5907","47","0","11","2","132"
"20241","11","서울시","CS300007","육류판매","7533","7495","38","1","107","3","233"
"20241","11","서울시","CS300006","미곡판매","3087","3087","0","0","4","2","72"
"20241","11","서울시","CS300005","주류도매","954","954","0","0","2","1","10"
"20241","11","서울시","CS300004","핸드폰","7141","7091","50","1","88","4","263"
"20241","11","서울시","CS300003","컴퓨터및주변장치판매","9601","9598","3","1","45","2","155"
"20241","11","서울시","CS300002","편의점","9719","2654","7065","3","330","4","356"
"20241","11","서울시","CS300001","슈퍼마켓","11587","8145","3442","5","538","3","395"
"20241","11","서울시","CS200047","가정용품임대","1182","1180","2","0","3","3","36"
"20241","11","서울시","CS200046","의류임대","649","647","2","0","2","2","13"
"20241","11","서울시","CS200045","비디오/서적임대","222","200","22","5","10","5","11"
"20241","11","서울시","CS200044","여행사","7174","7168","6","1","50","2","123"
"20241","11","서울시","CS200043","건축물청소","6189","6077","112","2","116","3","170"
"20241","11","서울시","CS200042","통번역서비스","2373","2373","0","0","3","4","89"
"20241","11","서울시","CS200041","사진관","6981","6866","115","2","155","3","186"
"20241","11","서울시","CS200040","녹음실","1217","1215","2","0","1","2","27"
"20241","11","서울시","CS200039","DVD방","32","32","0","0","0","0","0"
"20241","11","서울시","CS200038","독서실","3309","2750","559","7","240","5","156"
"20241","11","서울시","CS200037","노래방","5936","5800","136","3","146","3","173"
"20241","11","서울시","CS200036","고시원","141","141","0","0","0","4","6"
"20241","11","서울시","CS200035","게스트하우스","1645","1631","14","0","7","3","44"
"20241","11","서울시","CS200034","여관","2849","2825","24","8","215","2","59"
"20241","11","서울시","CS200033","부동산중개업","42777","42714","63","0","151","3","1158"
"20241","11","서울시","CS200032","가전제품수리","3085","3082","3","1","16","2","72"
"20241","11","서울시","CS200031","세탁소","6038","4984","1054","3","157","2","114"
"20241","11","서울시","CS200030","피부관리실","8072","7803","269","8","608","3","209"
"20241","11","서울시","CS200029","네일숍","5308","5214","94","1","62","2","125"
"20241","11","서울시","CS200028","미용실","21736","20099","1637","2","471","2","353"
"20241","11","서울시","CS200027","모터사이클수리","700","687","13","3","20","2","15"
"20241","11","서울시","CS200026","자동차미용","1762","1642","120","2","42","5","79"
"20241","11","서울시","CS200025","자동차수리","4560","4079","481","1","66","1","57"
"20241","11","서울시","CS200024","스포츠클럽","4606","4402","204","6","263","3","158"
"20241","11","서울시","CS200023","통신기기수리","554","554","0","0","0","4","21"
"20241","11","서울시","CS200022","복권방","1232","1232","0","1","8","1","17"
"20241","11","서울시","CS200021","기타오락장","1369","1224","145","3","36","8","106"
"20241","11","서울시","CS200020","전자게임장","298","288","10","1","2","6","18"
"20241","11","서울시","CS200019","PC방","1430","1281","149","6","87","6","78"
"20241","11","서울시","CS200018","볼링장","144","144","0","2","3","2","3"
"20241","11","서울시","CS200017","골프연습장","2031","1899","132","3","63","3","56"
"20241","11","서울시","CS200016","당구장","3808","3760","48","6","231","5","181"
"20241","11","서울시","CS200015","세무사사무소","7582","7582","0","3","209","1","68"
"20241","11","서울시","CS200014","회계사사무소","943","943","0","0","0","1","6"
"20241","11","서울시","CS200013","기타법무서비스","2538","2538","0","0","5","2","58"
"20241","11","서울시","CS200012","법무사사무소","2379","2379","0","1","12","1","33"
"20241","11","서울시","CS200011","변리사사무소","1005","1005","0","0","4","1","8"
"20241","11","서울시","CS200010","변호사사무소","5054","5054","0","1","25","2","95"
"20241","11","서울시","CS200009","동물병원","1017","1007","10","1","13","1","6"
"20241","11","서울시","CS200008","한의원","3932","3932","0","1","32","2","59"
"20241","11","서울시","CS200007","치과의원","5117","5117","0","1","39","1","65"
"20241","11","서울시","CS200006","일반의원","10780","10780","0","4","403","1","112"
"20241","11","서울시","CS200005","스포츠 강습","9171","8867","304","4","321","3","313"
"20241","11","서울시","CS200004","컴퓨터학원","491","483","8","0","2","3","14"
"20241","11","서울시","CS200003","예술학원","10739","10280","459","4","413","3","359"
"20241","11","서울시","CS200002","외국어학원","2449","2383","66","1","13","4","107"
"20241","11","서울시","CS200001","일반교습학원","25416","23211","2205","6","1438","3","853"
"20241","11","서울시","CS100010","커피-음료","28675","21619","7056","5","1542","5","1327"
"20241","11","서울시","CS100009","호프-간이주점","18179","16180","1999","2","442","4","675"
"20241","11","서울시","CS100008","분식전문점","12474","9345","3129","5","620","4","518"
"20241","11","서울시","CS100007","치킨전문점","6488","2417","4071","4","240","5","293"
"20241","11","서울시","CS100006","패스트푸드점","6867","3325","3542","5","329","6","431"
"20241","11","서울시","CS100005","제과점","7369","5369","2000","4","281","4","306"
"20241","11","서울시","CS100004","양식음식점","9145","8078","1067","5","441","4","392"
"20241","11","서울시","CS100003","일식음식점","7350","6177","1173","6","432","5","328"
"20241","11","서울시","CS100002","중식음식점","6557","5688","869","4","290","5","295"
"20241","11","서울시","CS100001","한식음식점","58392","50674","7718","5","3138","4","2272"
"20234","11","서울시","CS300043","전자상거래업","29753","29737","16","7","2006","4","1243"
"20234","11","서울시","CS300042","주유소","997","997","0","1","8","1","11"
"20234","11","서울시","CS300041","예술품","2253","2253","0","3","62","1","23"
"20234","11","서울시","CS300040","재생용품 판매점","1343","1343","0","1","7","1","12"
"20234","11","서울시","CS300039","모터사이클및부품","809","809","0","3","24","2","14"
"20234","11","서울시","CS300038","자동차부품","3869","3864","5","2","67","1","52"
"20234","11","서울시","CS300037","중고차판매","1001","1001","0","3","31","3","25"
"20234","11","서울시","CS300036","조명용품","11660","11652","8","1","63","1","85"
"20234","11","서울시","CS300035","인테리어","4257","4255","2","2","62","2","70"
"20234","11","서울시","CS300034","악기","758","758","0","1","4","1","7"
"20234","11","서울시","CS300033","철물점","2143","2142","1","1","12","1","23"
"20234","11","서울시","CS300032","가전제품","2579","2579","0","1","16","1","25"
"20234","11","서울시","CS300031","가구","3542","3539","3","1","37","2","52"
"20234","11","서울시","CS300030","중고가구","189","189","0","0","0","3","5"
"20234","11","서울시","CS300029","애완동물","2173","1983","190","4","95","3","57"
"20234","11","서울시","CS300028","화초","6067","6022","45","2","120","2","104"
"20234","11","서울시","CS300027","섬유제품","2920","2916","4","1","21","1","24"
"20234","11","서울시","CS300026","완구","937","936","1","3","24","2","16"
"20234","11","서울시","CS300025","자전거 및 기타운송장비","847","847","0","1","5","2","14"
"20234","11","서울시","CS300024","운동/경기용품","3800","3795","5","2","82","1","55"
"20234","11","서울시","CS300023","미용재료","1485","1485","0","1","21","2","27"
"20234","11","서울시","CS300022","화장품","15627","14726","901","2","348","2","313"
"20234","11","서울시","CS300021","문구","4615","4169","446","2","79","2","82"
"20234","11","서울시","CS300020","서적","4281","4200","81","3","137","1","58"
"20234","11","서울시","CS300019","의료기기","3932","3910","22","2","61","2","61"
"20234","11","서울시","CS300018","의약품","8771","8216","555","2","171","1","109"
"20234","11","서울시","CS300017","시계및귀금속","6054","5940","114","1","66","1","74"
"20234","11","서울시","CS300016","안경","2703","2022","681","1","38","1","29"
"20234","11","서울시","CS300015","가방","3156","3135","21","2","51","2","59"
"20234","11","서울시","CS300014","신발","4775","4687","88","1","59","3","120"
"20234","11","서울시","CS300013","유아의류","1851","1738","113","2","37","3","55"
"20234","11","서울시","CS300012","한복점","324","324","0","1","2","1","2"
"20234","11","서울시","CS300011","일반의류","50866","50766","100","2","900","2","1001"
"20234","11","서울시","CS300010","반찬가게","9460","9124","336","3","240","2","176"
"20234","11","서울시","CS300009","청과상","9103","9055","48","2","203","2","186"
"20234","11","서울시","CS300008","수산물판매","6075","6028","47","2","92","2","106"
"20234","11","서울시","CS300007","육류판매","7659","7619","40","2","158","3","198"
"20234","11","서울시","CS300006","미곡판매","3155","3155","0","1","32","2","51"
"20234","11","서울시","CS300005","주류도매","962","962","0","0","3","1","12"
"20234","11","서울시","CS300004","핸드폰","7316","7263","53","1","91","2","174"
"20234","11","서울시","CS300003","컴퓨터및주변장치판매","9711","9708","3","1","87","1","94"
"20234","11","서울시","CS300002","편의점","9745","2631","7114","3","292","4","340"
"20234","11","서울시","CS300001","슈퍼마켓","11444","8136","3308","3","285","3","341"
"20234","11","서울시","CS200047","가정용품임대","1215","1213","2","2","20","1","15"
"20234","11","서울시","CS200046","의류임대","660","658","2","1","9","2","16"
"20234","11","서울시","CS200045","비디오/서적임대","223","201","22","2","4","5","10"
"20234","11","서울시","CS200044","여행사","7247","7241","6","1","104","1","96"
"20234","11","서울시","CS200043","건축물청소","6243","6132","111","5","311","2","123"
"20234","11","서울시","CS200042","통번역서비스","2459","2459","0","2","47","1","35"
"20234","11","서울시","CS200041","사진관","7012","6899","113","3","191","2","114"
"20234","11","서울시","CS200040","녹음실","1243","1241","2","1","16","2","20"
"20234","11","서울시","CS200039","DVD방","32","32","0","0","0","0","0"
"20234","11","서울시","CS200038","독서실","3225","2656","569","5","148","4","127"
"20234","11","서울시","CS200037","노래방","5963","5826","137","3","166","4","220"
"20234","11","서울시","CS200036","고시원","147","147","0","5","7","4","6"
"20234","11","서울시","CS200035","게스트하우스","1682","1668","14","12","206","2","25"
"20234","11","서울시","CS200034","여관","2693","2668","25","3","69","3","74"
"20234","11","서울시","CS200033","부동산중개업","43784","43716","68","2","720","2","984"
"20234","11","서울시","CS200032","가전제품수리","3141","3138","3","2","60","2","50"
"20234","11","서울시","CS200031","세탁소","5995","4948","1047","2","127","2","104"
"20234","11","서울시","CS200030","피부관리실","7673","7400","273","5","353","3","197"
"20234","11","서울시","CS200029","네일숍","5371","5280","91","3","149","2","117"
"20234","11","서울시","CS200028","미용실","21618","19979","1639","2","423","2","334"
"20234","11","서울시","CS200027","모터사이클수리","695","682","13","2","11","2","14"
"20234","11","서울시","CS200026","자동차미용","1799","1676","123","4","65","2","38"
"20234","11","서울시","CS200025","자동차수리","4551","4065","486","1","36","1","38"
"20234","11","서울시","CS200024","스포츠클럽","4501","4298","203","3","150","2","97"
"20234","11","서울시","CS200023","통신기기수리","575","575","0","2","10","3","16"
"20234","11","서울시","CS200022","복권방","1241","1241","0","6","77","1","12"
"20234","11","서울시","CS200021","기타오락장","1439","1291","148","5","74","5","76"
"20234","11","서울시","CS200020","전자게임장","314","304","10","4","13","7","21"
"20234","11","서울시","CS200019","PC방","1421","1273","148","4","56","4","62"
"20234","11","서울시","CS200018","볼링장","144","144","0","2","3","4","5"
"20234","11","서울시","CS200017","골프연습장","2024","1900","124","3","57","3","57"
"20234","11","서울시","CS200016","당구장","3758","3708","50","4","141","4","150"
"20234","11","서울시","CS200015","세무사사무소","7441","7441","0","2","135","1","82"
"20234","11","서울시","CS200014","회계사사무소","949","949","0","2","16","1","8"
"20234","11","서울시","CS200013","기타법무서비스","2591","2591","0","2","48","1","33"
"20234","11","서울시","CS200012","법무사사무소","2400","2400","0","1","22","1","16"
"20234","11","서울시","CS200011","변리사사무소","1009","1009","0","1","12","1","6"
"20234","11","서울시","CS200010","변호사사무소","5124","5124","0","2","118","1","70"
"20234","11","서울시","CS200009","동물병원","1010","1000","10","1","11","1","6"
"20234","11","서울시","CS200008","한의원","3959","3959","0","1","56","1","52"
"20234","11","서울시","CS200007","치과의원","5143","5143","0","1","66","1","47"
"20234","11","서울시","CS200006","일반의원","10489","10489","0","2","183","1","78"
"20234","11","서울시","CS200005","스포츠 강습","9163","8857","306","4","361","2","213"
"20234","11","서울시","CS200004","컴퓨터학원","503","495","8","1","5","2","12"
"20234","11","서울시","CS200003","예술학원","10685","10226","459","3","297","2","231"
"20234","11","서울시","CS200002","외국어학원","2543","2474","69","3","63","2","59"
"20234","11","서울시","CS200001","일반교습학원","24831","22615","2216","3","830","2","594"
"20234","11","서울시","CS100010","커피-음료","28460","21528","6932","5","1297","4","1227"
"20234","11","서울시","CS100009","호프-간이주점","18412","16391","2021","4","761","4","722"
"20234","11","서울시","CS100008","분식전문점","12372","9238","3134","6","699","4","514"
"20234","11","서울시","CS100007","치킨전문점","6541","2484","4057","4","287","5","312"
"20234","11","서울시","CS100006","패스트푸드점","6969","3390","3579","5","369","4","281"
"20234","11","서울시","CS100005","제과점","7394","5387","2007","4","301","4","267"
"20234","11","서울시","CS100004","양식음식점","9096","8024","1072","5","418","4","371"
"20234","11","서울시","CS100003","일식음식점","7246","6074","1172","5","392","4","271"
"20234","11","서울시","CS100002","중식음식점","6562","5706","856","5","316","5","317"
"20234","11","서울시","CS100001","한식음식점","57526","49887","7639","4","2414","4","2167"
"20233","11","서울시","CS300043","전자상거래업","28990","28976","14","10","2790","3","811"
"20233","11","서울시","CS300042","주유소","1000","1000","0","1","9","1","11"
"20233","11","서울시","CS300041","예술품","2214","2214","0","3","68","2","38"
"20233","11","서울시","CS300040","재생용품 판매점","1348","1348","0","2","20","1","15"
"20233","11","서울시","CS300039","모터사이클및부품","799","799","0","3","21","1","11"
"20233","11","서울시","CS300038","자동차부품","3854","3848","6","1","46","1","47"
"20233","11","서울시","CS300037","중고차판매","995","995","0","4","40","2","22"
"20233","11","서울시","CS300036","조명용품","11682","11673","9","1","110","1","117"
"20233","11","서울시","CS300035","인테리어","4265","4263","2","1","47","2","84"
"20233","11","서울시","CS300034","악기","761","761","0","1","7","1","5"
"20233","11","서울시","CS300033","철물점","2154","2153","1","1","18","1","28"
"20233","11","서울시","CS300032","가전제품","2588","2588","0","1","26","1","30"
"20233","11","서울시","CS300031","가구","3557","3553","4","1","51","2","67"
"20233","11","서울시","CS300030","중고가구","194","194","0","2","3","4","7"
"20233","11","서울시","CS300029","애완동물","2135","1958","177","6","117","4","88"
"20233","11","서울시","CS300028","화초","6051","6007","44","2","138","2","99"
"20233","11","서울시","CS300027","섬유제품","2923","2919","4","1","35","2","60"
"20233","11","서울시","CS300026","완구","929","927","2","3","25","2","22"
"20233","11","서울시","CS300025","자전거 및 기타운송장비","856","856","0","1","7","1","11"
"20233","11","서울시","CS300024","운동/경기용품","3773","3768","5","3","100","2","73"
"20233","11","서울시","CS300023","미용재료","1491","1491","0","2","25","2","28"
"20233","11","서울시","CS300022","화장품","15592","14682","910","3","399","3","396"
"20233","11","서울시","CS300021","문구","4618","4170","448","2","110","2","113"
"20233","11","서울시","CS300020","서적","4202","4121","81","2","75","2","78"
"20233","11","서울시","CS300019","의료기기","3932","3910","22","2","71","2","91"
"20233","11","서울시","CS300018","의약품","8709","8160","549","2","179","2","142"
"20233","11","서울시","CS300017","시계및귀금속","6062","5949","113","1","80","1","69"
"20233","11","서울시","CS300016","안경","2694","2020","674","1","37","1","35"
"20233","11","서울시","CS300015","가방","3164","3142","22","2","74","2","56"
"20233","11","서울시","CS300014","신발","4836","4746","90","2","97","3","136"
"20233","11","서울시","CS300013","유아의류","1869","1752","117","3","51","3","55"
"20233","11","서울시","CS300012","한복점","324","324","0","0","1","2","5"
"20233","11","서울시","CS300011","일반의류","50967","50866","101","3","1273","3","1295"
"20233","11","서울시","CS300010","반찬가게","9396","9065","331","2","222","3","251"
"20233","11","서울시","CS300009","청과상","9086","9041","45","2","182","2","194"
"20233","11","서울시","CS300008","수산물판매","6089","6043","46","1","77","2","110"
"20233","11","서울시","CS300007","육류판매","7699","7657","42","2","146","3","206"
"20233","11","서울시","CS300006","미곡판매","3174","3174","0","2","58","1","40"
"20233","11","서울시","CS300005","주류도매","971","971","0","2","19","2","15"
"20233","11","서울시","CS300004","핸드폰","7399","7342","57","2","173","3","226"
"20233","11","서울시","CS300003","컴퓨터및주변장치판매","9718","9715","3","1","117","2","141"
"20233","11","서울시","CS300002","편의점","9793","2629","7164","4","388","3","309"
"20233","11","서울시","CS300001","슈퍼마켓","11500","8196","3304","3","316","3","364"
"20233","11","서울시","CS200047","가정용품임대","1210","1208","2","3","37","1","13"
"20233","11","서울시","CS200046","의류임대","667","664","3","2","16","3","17"
"20233","11","서울시","CS200045","비디오/서적임대","229","205","24","5","11","2","4"
"20233","11","서울시","CS200044","여행사","7239","7233","6","2","174","1","93"
"20233","11","서울시","CS200043","건축물청소","6055","5945","110","6","349","2","99"
"20233","11","서울시","CS200042","통번역서비스","2447","2447","0","3","75","1","35"
"20233","11","서울시","CS200041","사진관","6935","6823","112","4","281","2","126"
"20233","11","서울시","CS200040","녹음실","1247","1245","2","2","22","1","13"
"20233","11","서울시","CS200039","DVD방","32","32","0","3","1","9","3"
"20233","11","서울시","CS200038","독서실","3204","2628","576","5","156","5","170"
"20233","11","서울시","CS200037","노래방","6017","5883","134","3","171","3","207"
"20233","11","서울시","CS200036","고시원","146","146","0","2","3","3","4"
"20233","11","서울시","CS200035","게스트하우스","1501","1487","14","10","145","2","25"
"20233","11","서울시","CS200034","여관","2698","2672","26","2","49","3","81"
"20233","11","서울시","CS200033","부동산중개업","44048","43971","77","3","1127","2","1021"
"20233","11","서울시","CS200032","가전제품수리","3131","3128","3","3","100","2","47"
"20233","11","서울시","CS200031","세탁소","5972","4925","1047","2","141","2","113"
"20233","11","서울시","CS200030","피부관리실","7517","7250","267","4","278","3","207"
"20233","11","서울시","CS200029","네일숍","5339","5248","91","3","142","2","101"
"20233","11","서울시","CS200028","미용실","21529","19899","1630","2","426","2","384"
"20233","11","서울시","CS200027","모터사이클수리","698","685","13","3","19","2","12"
"20233","11","서울시","CS200026","자동차미용","1772","1647","125","5","80","4","64"
"20233","11","서울시","CS200025","자동차수리","4553","4073","480","1","21","1","61"
"20233","11","서울시","CS200024","스포츠클럽","4448","4246","202","4","178","3","137"
"20233","11","서울시","CS200023","통신기기수리","581","581","0","2","12","1","5"
"20233","11","서울시","CS200022","복권방","1176","1176","0","5","58","1","15"
"20233","11","서울시","CS200021","기타오락장","1441","1292","149","6","89","5","74"
"20233","11","서울시","CS200020","전자게임장","322","310","12","6","18","6","20"
"20233","11","서울시","CS200019","PC방","1427","1281","146","4","51","6","87"
"20233","11","서울시","CS200018","볼링장","146","146","0","3","4","1","1"
"20233","11","서울시","CS200017","골프연습장","2024","1901","123","3","60","2","44"
"20233","11","서울시","CS200016","당구장","3767","3716","51","5","171","4","145"
"20233","11","서울시","CS200015","세무사사무소","7388","7388","0","2","179","1","69"
"20233","11","서울시","CS200014","회계사사무소","941","941","0","2","14","1","10"
"20233","11","서울시","CS200013","기타법무서비스","2576","2576","0","3","71","1","34"
"20233","11","서울시","CS200012","법무사사무소","2394","2394","0","1","21","1","18"
"20233","11","서울시","CS200011","변리사사무소","1003","1003","0","1","12","1","8"
"20233","11","서울시","CS200010","변호사사무소","5076","5076","0","3","145","2","81"
"20233","11","서울시","CS200009","동물병원","1005","995","10","3","27","1","10"
"20233","11","서울시","CS200008","한의원","3955","3955","0","1","54","1","43"
"20233","11","서울시","CS200007","치과의원","5124","5124","0","1","42","1","47"
"20233","11","서울시","CS200006","일반의원","10384","10384","0","2","166","1","85"
"20233","11","서울시","CS200005","스포츠 강습","9015","8710","305","4","344","3","251"
"20233","11","서울시","CS200004","컴퓨터학원","510","502","8","2","12","1","5"
"20233","11","서울시","CS200003","예술학원","10619","10169","450","3","328","3","262"
"20233","11","서울시","CS200002","외국어학원","2539","2471","68","3","87","2","62"
"20233","11","서울시","CS200001","일반교습학원","24595","22415","2180","3","746","3","609"
"20233","11","서울시","CS100010","커피-음료","28390","21503","6887","5","1321","5","1307"
"20233","11","서울시","CS100009","호프-간이주점","18373","16315","2058","4","757","4","813"
"20233","11","서울시","CS100008","분식전문점","12187","9067","3120","5","583","4","526"
"20233","11","서울시","CS100007","치킨전문점","6566","2484","4082","4","238","5","304"
"20233","11","서울시","CS100006","패스트푸드점","6881","3317","3564","5","334","5","329"
"20233","11","서울시","CS100005","제과점","7360","5343","2017","4","304","5","329"
"20233","11","서울시","CS100004","양식음식점","9049","7952","1097","5","472","5","420"
"20233","11","서울시","CS100003","일식음식점","7125","5974","1151","5","375","5","330"
"20233","11","서울시","CS100002","중식음식점","6563","5712","851","5","306","5","313"
"20233","11","서울시","CS100001","한식음식점","57279","49637","7642","4","2242","4","2440"
"20232","11","서울시","CS300043","전자상거래업","27011","26998","13","10","2578","4","964"
"20232","11","서울시","CS300042","주유소","1002","1002","0","1","8","2","18"
"20232","11","서울시","CS300041","예술품","2184","2184","0","4","77","1","20"
"20232","11","서울시","CS300040","재생용품 판매점","1343","1343","0","1","14","1","11"
"20232","11","서울시","CS300039","모터사이클및부품","789","789","0","2","19","1","5"
"20232","11","서울시","CS300038","자동차부품","3855","3849","6","2","65","1","40"
"20232","11","서울시","CS300037","중고차판매","977","977","0","5","46","2","16"
"20232","11","서울시","CS300036","조명용품","11689","11679","10","1","96","1","108"
"20232","11","서울시","CS300035","인테리어","4302","4300","2","1","45","2","72"
"20232","11","서울시","CS300034","악기","759","759","0","1","7","1","11"
"20232","11","서울시","CS300033","철물점","2164","2163","1","1","12","2","49"
"20232","11","서울시","CS300032","가전제품","2592","2592","0","1","21","1","32"
"20232","11","서울시","CS300031","가구","3573","3569","4","2","52","2","83"
"20232","11","서울시","CS300030","중고가구","198","198","0","1","2","3","5"
"20232","11","서울시","CS300029","애완동물","2106","1940","166","4","84","3","71"
"20232","11","서울시","CS300028","화초","6012","5968","44","3","169","2","122"
"20232","11","서울시","CS300027","섬유제품","2948","2944","4","1","30","2","51"
"20232","11","서울시","CS300026","완구","926","924","2","3","26","2","16"
"20232","11","서울시","CS300025","자전거 및 기타운송장비","860","860","0","1","9","1","9"
"20232","11","서울시","CS300024","운동/경기용품","3746","3740","6","2","84","2","65"
"20232","11","서울시","CS300023","미용재료","1494","1494","0","1","16","2","23"
"20232","11","서울시","CS300022","화장품","15589","14662","927","2","379","2","361"
"20232","11","서울시","CS300021","문구","4621","4172","449","2","90","2","73"
"20232","11","서울시","CS300020","서적","4205","4123","82","2","70","2","68"
"20232","11","서울시","CS300019","의료기기","3952","3929","23","2","82","2","61"
"20232","11","서울시","CS300018","의약품","8672","8125","547","2","163","2","149"
"20232","11","서울시","CS300017","시계및귀금속","6051","5938","113","1","66","1","66"
"20232","11","서울시","CS300016","안경","2692","2023","669","1","38","1","38"
"20232","11","서울시","CS300015","가방","3146","3123","23","2","71","2","64"
"20232","11","서울시","CS300014","신발","4875","4789","86","2","90","2","115"
"20232","11","서울시","CS300013","유아의류","1873","1756","117","1","27","3","59"
"20232","11","서울시","CS300012","한복점","328","328","0","0","0","1","4"
"20232","11","서울시","CS300011","일반의류","50989","50886","103","2","1057","2","1093"
"20232","11","서울시","CS300010","반찬가게","9425","9094","331","2","217","3","251"
"20232","11","서울시","CS300009","청과상","9098","9056","42","3","252","2","196"
"20232","11","서울시","CS300008","수산물판매","6122","6076","46","2","118","2","147"
"20232","11","서울시","CS300007","육류판매","7759","7716","43","2","181","3","230"
"20232","11","서울시","CS300006","미곡판매","3156","3156","0","1","45","2","61"
"20232","11","서울시","CS300005","주류도매","967","967","0","2","22","2","18"
"20232","11","서울시","CS300004","핸드폰","7452","7397","55","2","155","3","202"
"20232","11","서울시","CS300003","컴퓨터및주변장치판매","9742","9739","3","1","109","1","117"
"20232","11","서울시","CS300002","편의점","9714","2538","7176","4","378","3","321"
"20232","11","서울시","CS300001","슈퍼마켓","11548","8255","3293","2","271","3","324"
"20232","11","서울시","CS200047","가정용품임대","1186","1184","2","3","39","1","17"
"20232","11","서울시","CS200046","의류임대","668","665","3","4","28","2","14"
"20232","11","서울시","CS200045","비디오/서적임대","222","199","23","3","6","3","6"
"20232","11","서울시","CS200044","여행사","7158","7153","5","2","154","2","106"
"20232","11","서울시","CS200043","건축물청소","5805","5698","107","6","340","2","114"
"20232","11","서울시","CS200042","통번역서비스","2407","2407","0","3","68","2","50"
"20232","11","서울시","CS200041","사진관","6780","6673","107","4","271","2","126"
"20232","11","서울시","CS200040","녹음실","1238","1236","2","2","21","2","20"
"20232","11","서울시","CS200039","DVD방","34","34","0","0","0","3","1"
"20232","11","서울시","CS200038","독서실","3218","2623","595","4","137","5","158"
"20232","11","서울시","CS200037","노래방","6053","5917","136","3","163","4","232"
"20232","11","서울시","CS200036","고시원","147","147","0","1","2","5","7"
"20232","11","서울시","CS200035","게스트하우스","1381","1366","15","10","140","2","24"
"20232","11","서울시","CS200034","여관","2730","2704","26","2","46","2","56"
"20232","11","서울시","CS200033","부동산중개업","43942","43863","79","3","1266","3","1116"
"20232","11","서울시","CS200032","가전제품수리","3078","3074","4","3","91","2","55"
"20232","11","서울시","CS200031","세탁소","5944","4891","1053","2","101","2","114"
"20232","11","서울시","CS200030","피부관리실","7446","7181","265","5","398","3","197"
"20232","11","서울시","CS200029","네일숍","5298","5206","92","4","231","2","119"
"20232","11","서울시","CS200028","미용실","21487","19853","1634","2","479","2","385"
"20232","11","서울시","CS200027","모터사이클수리","691","678","13","3","20","2","16"
"20232","11","서울시","CS200026","자동차미용","1756","1627","129","5","85","3","48"
"20232","11","서울시","CS200025","자동차수리","4593","4109","484","1","41","1","53"
"20232","11","서울시","CS200024","스포츠클럽","4407","4208","199","4","168","3","134"
"20232","11","서울시","CS200023","통신기기수리","574","574","0","3","18","3","16"
"20232","11","서울시","CS200022","복권방","1133","1133","0","4","40","1","12"
"20232","11","서울시","CS200021","기타오락장","1426","1280","146","6","78","6","83"
"20232","11","서울시","CS200020","전자게임장","324","309","15","6","18","10","31"
"20232","11","서울시","CS200019","PC방","1463","1316","147","5","69","6","92"
"20232","11","서울시","CS200018","볼링장","143","143","0","1","1","3","4"
"20232","11","서울시","CS200017","골프연습장","2008","1894","114","3","69","2","35"
"20232","11","서울시","CS200016","당구장","3741","3690","51","4","145","5","174"
"20232","11","서울시","CS200015","세무사사무소","7278","7278","0","1","78","1","38"
"20232","11","서울시","CS200014","회계사사무소","937","937","0","2","14","1","6"
"20232","11","서울시","CS200013","기타법무서비스","2539","2539","0","4","88","2","38"
"20232","11","서울시","CS200012","법무사사무소","2391","2391","0","2","43","1","24"
"20232","11","서울시","CS200011","변리사사무소","999","999","0","1","13","1","6"
"20232","11","서울시","CS200010","변호사사무소","5012","5012","0","3","129","2","103"
"20232","11","서울시","CS200009","동물병원","988","978","10","1","13","1","7"
"20232","11","서울시","CS200008","한의원","3944","3944","0","1","46","2","60"
"20232","11","서울시","CS200007","치과의원","5129","5129","0","1","43","1","52"
"20232","11","서울시","CS200006","일반의원","10303","10303","0","1","140","1","79"
"20232","11","서울시","CS200005","스포츠 강습","8922","8601","321","5","439","3","252"
"20232","11","서울시","CS200004","컴퓨터학원","503","495","8","3","13","2","12"
"20232","11","서울시","CS200003","예술학원","10553","10107","446","3","339","3","260"
"20232","11","서울시","CS200002","외국어학원","2514","2448","66","4","98","2","44"
"20232","11","서울시","CS200001","일반교습학원","24458","22278","2180","3","665","2","495"
"20232","11","서울시","CS100010","커피-음료","28376","21563","6813","6","1583","5","1263"
"20232","11","서울시","CS100009","호프-간이주점","18429","16370","2059","5","999","4","777"
"20232","11","서울시","CS100008","분식전문점","12130","9021","3109","5","548","5","595"
"20232","11","서울시","CS100007","치킨전문점","6632","2516","4116","4","252","5","333"
"20232","11","서울시","CS100006","패스트푸드점","6876","3288","3588","5","371","5","336"
"20232","11","서울시","CS100005","제과점","7385","5364","2021","5","387","4","271"
"20232","11","서울시","CS100004","양식음식점","8997","7879","1118","4","393","4","340"
"20232","11","서울시","CS100003","일식음식점","7080","5938","1142","5","378","4","303"
"20232","11","서울시","CS100002","중식음식점","6570","5715","855","6","361","4","275"
"20232","11","서울시","CS100001","한식음식점","57477","49831","7646","4","2115","4","2239"
"20231","11","서울시","CS300043","전자상거래업","25397","25383","14","10","2642","6","1387"
"20231","11","서울시","CS300042","주유소","1012","1012","0","1","10","1","12"
"20231","11","서울시","CS300041","예술품","2127","2127","0","3","73","2","45"
"20231","11","서울시","CS300040","재생용품 판매점","1340","1340","0","1","14","2","23"
"20231","11","서울시","CS300039","모터사이클및부품","775","775","0","3","26","2","12"
"20231","11","서울시","CS300038","자동차부품","3830","3824","6","2","76","1","51"
"20231","11","서울시","CS300037","중고차판매","947","947","0","5","43","2","19"
"20231","11","서울시","CS300036","조명용품","11701","11690","11","1","133","1","160"
"20231","11","서울시","CS300035","인테리어","4329","4327","2","2","63","2","92"
"20231","11","서울시","CS300034","악기","763","763","0","1","7","1","4"
"20231","11","서울시","CS300033","철물점","2201","2200","1","1","24","2","40"
"20231","11","서울시","CS300032","가전제품","2603","2603","0","1","33","2","40"
"20231","11","서울시","CS300031","가구","3604","3600","4","1","52","2","83"
"20231","11","서울시","CS300030","중고가구","201","201","0","2","4","3","5"
"20231","11","서울시","CS300029","애완동물","2093","1938","155","5","110","4","73"
"20231","11","서울시","CS300028","화초","5965","5922","43","3","191","3","158"
"20231","11","서울시","CS300027","섬유제품","2969","2965","4","1","43","2","66"
"20231","11","서울시","CS300026","완구","916","914","2","1","10","2","15"
"20231","11","서울시","CS300025","자전거 및 기타운송장비","860","860","0","1","10","2","17"
"20231","11","서울시","CS300024","운동/경기용품","3727","3722","5","2","90","2","84"
"20231","11","서울시","CS300023","미용재료","1501","1501","0","2","29","2","31"
"20231","11","서울시","CS300022","화장품","15571","14626","945","3","386","3","458"
"20231","11","서울시","CS300021","문구","4604","4155","449","2","81","2","91"
"20231","11","서울시","CS300020","서적","4203","4120","83","2","88","3","116"
"20231","11","서울시","CS300019","의료기기","3931","3908","23","2","67","2","63"
"20231","11","서울시","CS300018","의약품","8658","8109","549","2","203","2","157"
"20231","11","서울시","CS300017","시계및귀금속","6051","5940","111","2","90","2","96"
"20231","11","서울시","CS300016","안경","2692","2024","668","1","37","1","34"
"20231","11","서울시","CS300015","가방","3139","3114","25","2","59","3","92"
"20231","11","서울시","CS300014","신발","4900","4816","84","2","86","3","149"
"20231","11","서울시","CS300013","유아의류","1905","1785","120","2","39","3","64"
"20231","11","서울시","CS300012","한복점","332","332","0","1","4","2","8"
"20231","11","서울시","CS300011","일반의류","51025","50919","106","3","1364","3","1470"
"20231","11","서울시","CS300010","반찬가게","9459","9130","329","2","231","3","294"
"20231","11","서울시","CS300009","청과상","9042","9001","41","2","205","3","292"
"20231","11","서울시","CS300008","수산물판매","6151","6107","44","2","90","3","154"
"20231","11","서울시","CS300007","육류판매","7808","7764","44","2","172","3","210"
"20231","11","서울시","CS300006","미곡판매","3172","3172","0","2","57","3","89"
"20231","11","서울시","CS300005","주류도매","963","963","0","2","17","1","8"
"20231","11","서울시","CS300004","핸드폰","7499","7443","56","3","184","4","278"
"20231","11","서울시","CS300003","컴퓨터및주변장치판매","9750","9747","3","2","152","2","168"
"20231","11","서울시","CS300002","편의점","9657","2504","7153","4","364","4","338"
"20231","11","서울시","CS300001","슈퍼마켓","11601","8304","3297","3","306","4","419"
"20231","11","서울시","CS200047","가정용품임대","1164","1162","2","4","43","3","34"
"20231","11","서울시","CS200046","의류임대","654","651","3","4","28","3","21"
"20231","11","서울시","CS200045","비디오/서적임대","222","199","23","5","12","4","8"
"20231","11","서울시","CS200044","여행사","7110","7105","5","2","165","2","124"
"20231","11","서울시","CS200043","건축물청소","5579","5472","107","5","272","3","148"
"20231","11","서울시","CS200042","통번역서비스","2389","2389","0","3","78","3","72"
"20231","11","서울시","CS200041","사진관","6635","6537","98","4","290","2","160"
"20231","11","서울시","CS200040","녹음실","1237","1235","2","2","24","2","22"
"20231","11","서울시","CS200039","DVD방","35","35","0","3","1","14","5"
"20231","11","서울시","CS200038","독서실","3239","2619","620","5","158","6","191"
"20231","11","서울시","CS200037","노래방","6122","5987","135","3","192","4","228"
"20231","11","서울시","CS200036","고시원","152","152","0","3","4","4","6"
"20231","11","서울시","CS200035","게스트하우스","1265","1250","15","8","100","2","26"
"20231","11","서울시","CS200034","여관","2740","2713","27","2","50","3","90"
"20231","11","서울시","CS200033","부동산중개업","43792","43720","72","3","1194","3","1167"
"20231","11","서울시","CS200032","가전제품수리","3042","3039","3","3","82","2","64"
"20231","11","서울시","CS200031","세탁소","5957","4898","1059","2","101","2","131"
"20231","11","서울시","CS200030","피부관리실","7245","6981","264","5","358","3","208"
"20231","11","서울시","CS200029","네일숍","5186","5092","94","4","221","2","122"
"20231","11","서울시","CS200028","미용실","21393","19760","1633","2","419","2","409"
"20231","11","서울시","CS200027","모터사이클수리","687","674","13","3","17","1","9"
"20231","11","서울시","CS200026","자동차미용","1719","1587","132","3","58","4","61"
"20231","11","서울시","CS200025","자동차수리","4605","4112","493","1","53","1","65"
"20231","11","서울시","CS200024","스포츠클럽","4373","4181","192","4","163","3","110"
"20231","11","서울시","CS200023","통신기기수리","572","572","0","4","22","4","22"
"20231","11","서울시","CS200022","복권방","1105","1105","0","1","15","2","18"
"20231","11","서울시","CS200021","기타오락장","1431","1288","143","4","62","5","64"
"20231","11","서울시","CS200020","전자게임장","337","322","15","3","10","6","21"
"20231","11","서울시","CS200019","PC방","1486","1341","145","4","56","7","99"
"20231","11","서울시","CS200018","볼링장","146","146","0","4","6","1","2"
"20231","11","서울시","CS200017","골프연습장","1974","1874","100","4","73","2","41"
"20231","11","서울시","CS200016","당구장","3770","3720","50","4","152","5","185"
"20231","11","서울시","CS200015","세무사사무소","7238","7238","0","1","97","1","61"
"20231","11","서울시","CS200014","회계사사무소","929","929","0","1","11","1","9"
"20231","11","서울시","CS200013","기타법무서비스","2489","2489","0","4","109","2","51"
"20231","11","서울시","CS200012","법무사사무소","2372","2372","0","1","30","1","31"
"20231","11","서울시","CS200011","변리사사무소","992","992","0","2","20","1","10"
"20231","11","서울시","CS200010","변호사사무소","4986","4986","0","4","192","3","135"
"20231","11","서울시","CS200009","동물병원","982","971","11","1","8","1","6"
"20231","11","서울시","CS200008","한의원","3958","3958","0","2","69","2","66"
"20231","11","서울시","CS200007","치과의원","5138","5138","0","1","47","1","48"
"20231","11","서울시","CS200006","일반의원","10242","10242","0","2","181","1","98"
"20231","11","서울시","CS200005","스포츠 강습","8735","8415","320","5","449","3","270"
"20231","11","서울시","CS200004","컴퓨터학원","502","492","10","3","14","3","15"
"20231","11","서울시","CS200003","예술학원","10474","10036","438","4","405","3","300"
"20231","11","서울시","CS200002","외국어학원","2460","2395","65","5","114","3","73"
"20231","11","서울시","CS200001","일반교습학원","24288","22123","2165","4","998","3","737"
"20231","11","서울시","CS100010","커피-음료","28056","21373","6683","5","1343","5","1265"
"20231","11","서울시","CS100009","호프-간이주점","18207","16150","2057","4","743","4","662"
"20231","11","서울시","CS100008","분식전문점","12177","9039","3138","4","523","4","534"
"20231","11","서울시","CS100007","치킨전문점","6713","2529","4184","5","310","5","355"
"20231","11","서울시","CS100006","패스트푸드점","6841","3242","3599","5","338","5","314"
"20231","11","서울시","CS100005","제과점","7269","5264","2005","4","312","4","268"
"20231","11","서울시","CS100004","양식음식점","8944","7830","1114","4","396","4","312"
"20231","11","서울시","CS100003","일식음식점","7005","5889","1116","5","326","4","260"
"20231","11","서울시","CS100002","중식음식점","6484","5663","821","5","313","4","229"
"20231","11","서울시","CS100001","한식음식점","57601","49948","7653","3","1974","4","2136"
"20224","11","서울시","CS300043","전자상거래업","24142","24127","15","9","2265","3","607"
"20224","11","서울시","CS300042","주유소","1014","1014","0","1","13","1","9"
"20224","11","서울시","CS300041","예술품","2099","2099","0","5","107","1","21"
"20224","11","서울시","CS300040","재생용품 판매점","1349","1349","0","1","19","1","12"
"20224","11","서울시","CS300039","모터사이클및부품","761","761","0","2","17","2","13"
"20224","11","서울시","CS300038","자동차부품","3805","3799","6","2","59","1","36"
"20224","11","서울시","CS300037","중고차판매","923","923","0","2","19","1","8"
"20224","11","서울시","CS300036","조명용품","11728","11717","11","1","126","1","97"
"20224","11","서울시","CS300035","인테리어","4358","4356","2","2","83","1","60"
"20224","11","서울시","CS300034","악기","760","760","0","1","10","1","5"
"20224","11","서울시","CS300033","철물점","2217","2216","1","1","26","1","17"
"20224","11","서울시","CS300032","가전제품","2610","2610","0","1","28","1","27"
"20224","11","서울시","CS300031","가구","3635","3631","4","2","58","2","53"
"20224","11","서울시","CS300030","중고가구","202","202","0","2","4","1","2"
"20224","11","서울시","CS300029","애완동물","2056","1910","146","7","146","3","55"
"20224","11","서울시","CS300028","화초","5932","5891","41","3","201","2","104"
"20224","11","서울시","CS300027","섬유제품","2992","2988","4","1","38","1","36"
"20224","11","서울시","CS300026","완구","921","919","2","2","21","1","13"
"20224","11","서울시","CS300025","자전거 및 기타운송장비","867","867","0","1","10","1","9"
"20224","11","서울시","CS300024","운동/경기용품","3721","3716","5","3","95","1","52"
"20224","11","서울시","CS300023","미용재료","1503","1503","0","2","32","2","24"
"20224","11","서울시","CS300022","화장품","15643","14679","964","4","550","2","323"
"20224","11","서울시","CS300021","문구","4614","4167","447","3","114","1","65"
"20224","11","서울시","CS300020","서적","4231","4147","84","2","90","1","54"
"20224","11","서울시","CS300019","의료기기","3927","3903","24","2","67","1","47"
"20224","11","서울시","CS300018","의약품","8612","8067","545","2","197","1","112"
"20224","11","서울시","CS300017","시계및귀금속","6057","5948","109","1","77","1","71"
"20224","11","서울시","CS300016","안경","2689","2022","667","2","42","1","32"
"20224","11","서울시","CS300015","가방","3172","3147","25","3","93","2","64"
"20224","11","서울시","CS300014","신발","4963","4880","83","2","80","2","103"
"20224","11","서울시","CS300013","유아의류","1930","1808","122","2","42","2","40"
"20224","11","서울시","CS300012","한복점","336","336","0","0","0","2","6"
"20224","11","서울시","CS300011","일반의류","51131","51025","106","2","1145","2","1010"
"20224","11","서울시","CS300010","반찬가게","9522","9195","327","3","289","2","210"
"20224","11","서울시","CS300009","청과상","9129","9090","39","3","225","2","179"
"20224","11","서울시","CS300008","수산물판매","6215","6172","43","2","121","1","88"
"20224","11","서울시","CS300007","육류판매","7846","7798","48","3","268","3","203"
"20224","11","서울시","CS300006","미곡판매","3204","3204","0","2","70","1","42"
"20224","11","서울시","CS300005","주류도매","954","954","0","1","12","2","15"
"20224","11","서울시","CS300004","핸드폰","7593","7543","50","2","166","3","192"
"20224","11","서울시","CS300003","컴퓨터및주변장치판매","9766","9763","3","1","130","1","81"
"20224","11","서울시","CS300002","편의점","9631","2457","7174","5","486","3","283"
"20224","11","서울시","CS300001","슈퍼마켓","11714","8415","3299","3","343","3","338"
"20224","11","서울시","CS200047","가정용품임대","1155","1154","1","4","45","1","9"
"20224","11","서울시","CS200046","의류임대","647","644","3","2","12","1","8"
"20224","11","서울시","CS200045","비디오/서적임대","218","195","23","3","7","2","5"
"20224","11","서울시","CS200044","여행사","7069","7064","5","2","147","1","77"
"20224","11","서울시","CS200043","건축물청소","5455","5350","105","5","248","2","82"
"20224","11","서울시","CS200042","통번역서비스","2383","2383","0","3","60","1","31"
"20224","11","서울시","CS200041","사진관","6505","6423","82","4","280","1","83"
"20224","11","서울시","CS200040","녹음실","1235","1233","2","3","37","1","13"
"20224","11","서울시","CS200039","DVD방","39","39","0","3","1","8","3"
"20224","11","서울시","CS200038","독서실","3272","2620","652","6","184","5","176"
"20224","11","서울시","CS200037","노래방","6158","6024","134","4","273","4","272"
"20224","11","서울시","CS200036","고시원","154","154","0","3","4","1","1"
"20224","11","서울시","CS200035","게스트하우스","1191","1175","16","9","109","2","29"
"20224","11","서울시","CS200034","여관","2780","2753","27","3","83","4","107"
"20224","11","서울시","CS200033","부동산중개업","43765","43698","67","3","1108","2","821"
"20224","11","서울시","CS200032","가전제품수리","3024","3021","3","3","85","2","51"
"20224","11","서울시","CS200031","세탁소","5987","4927","1060","2","125","2","112"
"20224","11","서울시","CS200030","피부관리실","7095","6833","262","5","341","3","182"
"20224","11","서울시","CS200029","네일숍","5087","4993","94","4","216","2","101"
"20224","11","서울시","CS200028","미용실","21383","19755","1628","3","614","2","384"
"20224","11","서울시","CS200027","모터사이클수리","679","666","13","2","13","3","21"
"20224","11","서울시","CS200026","자동차미용","1722","1589","133","4","67","2","32"
"20224","11","서울시","CS200025","자동차수리","4617","4127","490","1","32","1","54"
"20224","11","서울시","CS200024","스포츠클럽","4320","4128","192","6","251","3","111"
"20224","11","서울시","CS200023","통신기기수리","572","572","0","2","10","1","6"
"20224","11","서울시","CS200022","복권방","1108","1108","0","8","89","1","7"
"20224","11","서울시","CS200021","기타오락장","1433","1292","141","8","109","4","53"
"20224","11","서울시","CS200020","전자게임장","348","333","15","8","26","6","22"
"20224","11","서울시","CS200019","PC방","1529","1379","150","4","65","7","105"
"20224","11","서울시","CS200018","볼링장","142","142","0","2","3","1","2"
"20224","11","서울시","CS200017","골프연습장","1942","1848","94","4","71","2","37"
"20224","11","서울시","CS200016","당구장","3803","3751","52","8","317","5","173"
"20224","11","서울시","CS200015","세무사사무소","7202","7202","0","2","154","1","58"
"20224","11","서울시","CS200014","회계사사무소","927","927","0","2","22","1","6"
"20224","11","서울시","CS200013","기타법무서비스","2431","2431","0","3","60","1","29"
"20224","11","서울시","CS200012","법무사사무소","2373","2373","0","1","19","1","26"
"20224","11","서울시","CS200011","변리사사무소","982","982","0","2","15","1","7"
"20224","11","서울시","CS200010","변호사사무소","4929","4929","0","3","168","2","75"
"20224","11","서울시","CS200009","동물병원","980","969","11","1","14","1","8"
"20224","11","서울시","CS200008","한의원","3955","3955","0","2","75","1","41"
"20224","11","서울시","CS200007","치과의원","5139","5139","0","1","58","1","41"
"20224","11","서울시","CS200006","일반의원","10159","10159","0","2","168","1","92"
"20224","11","서울시","CS200005","스포츠 강습","8556","8230","326","5","454","2","186"
"20224","11","서울시","CS200004","컴퓨터학원","503","493","10","3","14","3","15"
"20224","11","서울시","CS200003","예술학원","10369","9938","431","4","406","2","216"
"20224","11","서울시","CS200002","외국어학원","2419","2356","63","5","113","2","48"
"20224","11","서울시","CS200001","일반교습학원","24027","21929","2098","4","1009","2","552"
"20224","11","서울시","CS100010","커피-음료","27978","21330","6648","7","1942","4","1070"
"20224","11","서울시","CS100009","호프-간이주점","18126","16073","2053","5","952","4","679"
"20224","11","서울시","CS100008","분식전문점","12188","9017","3171","5","634","4","537"
"20224","11","서울시","CS100007","치킨전문점","6758","2529","4229","5","357","5","349"
"20224","11","서울시","CS100006","패스트푸드점","6817","3221","3596","6","393","4","272"
"20224","11","서울시","CS100005","제과점","7225","5202","2023","6","403","3","219"
"20224","11","서울시","CS100004","양식음식점","8860","7754","1106","8","724","3","294"
"20224","11","서울시","CS100003","일식음식점","6939","5829","1110","7","512","4","274"
"20224","11","서울시","CS100002","중식음식점","6400","5615","785","7","466","4","269"
"20224","11","서울시","CS100001","한식음식점","57763","50066","7697","5","3013","4","2263"
"20223","11","서울시","CS300043","전자상거래업","22484","22470","14","5","1103","3","611"
"20223","11","서울시","CS300042","주유소","1010","1010","0","3","25","2","23"
"20223","11","서울시","CS300041","예술품","2013","2013","0","4","74","2","30"
"20223","11","서울시","CS300040","재생용품 판매점","1342","1342","0","1","16","1","18"
"20223","11","서울시","CS300039","모터사이클및부품","757","757","0","1","9","1","8"
"20223","11","서울시","CS300038","자동차부품","3782","3776","6","1","35","1","54"
"20223","11","서울시","CS300037","중고차판매","912","912","0","3","24","2","17"
"20223","11","서울시","CS300036","조명용품","11699","11688","11","1","93","1","116"
"20223","11","서울시","CS300035","인테리어","4335","4333","2","2","68","2","86"
"20223","11","서울시","CS300034","악기","755","755","0","1","4","1","8"
"20223","11","서울시","CS300033","철물점","2208","2208","0","1","23","1","32"
"20223","11","서울시","CS300032","가전제품","2609","2609","0","1","36","2","40"
"20223","11","서울시","CS300031","가구","3630","3626","4","1","45","2","72"
"20223","11","서울시","CS300030","중고가구","200","200","0","0","0","0","0"
"20223","11","서울시","CS300029","애완동물","1965","1837","128","6","120","4","70"
"20223","11","서울시","CS300028","화초","5835","5793","42","2","131","2","120"
"20223","11","서울시","CS300027","섬유제품","2990","2985","5","2","45","2","50"
"20223","11","서울시","CS300026","완구","913","911","2","3","24","2","19"
"20223","11","서울시","CS300025","자전거 및 기타운송장비","866","866","0","1","4","1","8"
"20223","11","서울시","CS300024","운동/경기용품","3678","3673","5","2","57","2","69"
"20223","11","서울시","CS300023","미용재료","1495","1495","0","2","22","2","27"
"20223","11","서울시","CS300022","화장품","15416","14451","965","2","261","3","441"
"20223","11","서울시","CS300021","문구","4565","4123","442","2","82","1","63"
"20223","11","서울시","CS300020","서적","4195","4112","83","1","53","1","58"
"20223","11","서울시","CS300019","의료기기","3907","3884","23","2","71","2","74"
"20223","11","서울시","CS300018","의약품","8527","7987","540","2","173","2","162"
"20223","11","서울시","CS300017","시계및귀금속","6051","5940","111","1","82","1","85"
"20223","11","서울시","CS300016","안경","2679","2013","666","2","39","2","39"
"20223","11","서울시","CS300015","가방","3143","3118","25","3","86","3","78"
"20223","11","서울시","CS300014","신발","4986","4907","79","2","74","3","136"
"20223","11","서울시","CS300013","유아의류","1928","1807","121","3","48","2","43"
"20223","11","서울시","CS300012","한복점","342","342","0","2","8","1","4"
"20223","11","서울시","CS300011","일반의류","50996","50888","108","2","1113","3","1382"
"20223","11","서울시","CS300010","반찬가게","9443","9127","316","2","216","3","259"
"20223","11","서울시","CS300009","청과상","9083","9051","32","2","178","2","213"
"20223","11","서울시","CS300008","수산물판매","6182","6142","40","1","67","2","121"
"20223","11","서울시","CS300007","육류판매","7781","7734","47","2","170","3","222"
"20223","11","서울시","CS300006","미곡판매","3176","3176","0","1","28","2","68"
"20223","11","서울시","CS300005","주류도매","957","957","0","2","17","2","15"
"20223","11","서울시","CS300004","핸드폰","7619","7566","53","2","146","3","255"
"20223","11","서울시","CS300003","컴퓨터및주변장치판매","9717","9714","3","1","84","1","124"
"20223","11","서울시","CS300002","편의점","9428","2381","7047","4","398","4","347"
"20223","11","서울시","CS300001","슈퍼마켓","11709","8423","3286","2","194","3","396"
"20223","11","서울시","CS200047","가정용품임대","1119","1119","0","4","42","2","18"
"20223","11","서울시","CS200046","의류임대","643","640","3","2","13","2","14"
"20223","11","서울시","CS200045","비디오/서적임대","216","193","23","2","5","3","7"
"20223","11","서울시","CS200044","여행사","6999","6994","5","2","114","1","82"
"20223","11","서울시","CS200043","건축물청소","5289","5188","101","4","190","2","84"
"20223","11","서울시","CS200042","통번역서비스","2354","2354","0","2","53","2","38"
"20223","11","서울시","CS200041","사진관","6308","6241","67","4","225","2","109"
"20223","11","서울시","CS200040","녹음실","1211","1209","2","2","21","2","19"
"20223","11","서울시","CS200039","DVD방","41","41","0","0","0","5","2"
"20223","11","서울시","CS200038","독서실","3264","2602","662","4","124","5","170"
"20223","11","서울시","CS200037","노래방","6157","6036","121","4","259","6","346"
"20223","11","서울시","CS200036","고시원","151","151","0","6","9","7","10"
"20223","11","서울시","CS200035","게스트하우스","1111","1095","16","4","49","4","42"
"20223","11","서울시","CS200034","여관","2804","2777","27","3","76","5","127"
"20223","11","서울시","CS200033","부동산중개업","43478","43413","65","2","917","2","899"
"20223","11","서울시","CS200032","가전제품수리","2990","2987","3","2","44","2","44"
"20223","11","서울시","CS200031","세탁소","5974","4924","1050","2","105","2","144"
"20223","11","서울시","CS200030","피부관리실","6936","6683","253","5","327","3","172"
"20223","11","서울시","CS200029","네일숍","4972","4877","95","3","166","2","95"
"20223","11","서울시","CS200028","미용실","21153","19559","1594","2","441","2","431"
"20223","11","서울시","CS200027","모터사이클수리","687","674","13","2","13","1","7"
"20223","11","서울시","CS200026","자동차미용","1687","1556","131","3","55","2","37"
"20223","11","서울시","CS200025","자동차수리","4639","4151","488","1","49","2","86"
"20223","11","서울시","CS200024","스포츠클럽","4180","3992","188","5","212","2","83"
"20223","11","서울시","CS200023","통신기기수리","568","568","0","3","17","4","25"
"20223","11","서울시","CS200022","복권방","1026","1026","0","5","48","2","16"
"20223","11","서울시","CS200021","기타오락장","1377","1241","136","3","37","7","91"
"20223","11","서울시","CS200020","전자게임장","344","329","15","5","16","8","26"
"20223","11","서울시","CS200019","PC방","1569","1407","162","3","44","7","116"
"20223","11","서울시","CS200018","볼링장","141","141","0","1","1","2","3"
"20223","11","서울시","CS200017","골프연습장","1908","1821","87","5","85","2","36"
"20223","11","서울시","CS200016","당구장","3659","3607","52","4","129","6","213"
"20223","11","서울시","CS200015","세무사사무소","7106","7106","0","2","166","1","54"
"20223","11","서울시","CS200014","회계사사무소","911","911","0","1","10","0","3"
"20223","11","서울시","CS200013","기타법무서비스","2400","2400","0","3","74","2","51"
"20223","11","서울시","CS200012","법무사사무소","2380","2380","0","1","31","1","20"
"20223","11","서울시","CS200011","변리사사무소","974","974","0","1","13","1","5"
"20223","11","서울시","CS200010","변호사사무소","4836","4836","0","3","119","2","92"
"20223","11","서울시","CS200009","동물병원","974","963","11","1","7","1","6"
"20223","11","서울시","CS200008","한의원","3921","3921","0","2","59","1","49"
"20223","11","서울시","CS200007","치과의원","5122","5122","0","1","51","1","43"
"20223","11","서울시","CS200006","일반의원","10083","10083","0","2","169","1","104"
"20223","11","서울시","CS200005","스포츠 강습","8288","7969","319","4","329","3","213"
"20223","11","서울시","CS200004","컴퓨터학원","504","496","8","3","16","2","12"
"20223","11","서울시","CS200003","예술학원","10179","9769","410","3","303","2","237"
"20223","11","서울시","CS200002","외국어학원","2354","2289","65","2","56","2","41"
"20223","11","서울시","CS200001","일반교습학원","23570","21534","2036","3","766","3","617"
"20223","11","서울시","CS100010","커피-음료","27106","20731","6375","6","1550","5","1307"
"20223","11","서울시","CS100009","호프-간이주점","17853","15863","1990","4","752","5","884"
"20223","11","서울시","CS100008","분식전문점","12091","8921","3170","4","431","5","600"
"20223","11","서울시","CS100007","치킨전문점","6750","2534","4216","3","230","7","441"
"20223","11","서울시","CS100006","패스트푸드점","6696","3175","3521","5","301","4","283"
"20223","11","서울시","CS100005","제과점","7041","5072","1969","4","282","4","273"
"20223","11","서울시","CS100004","양식음식점","8430","7363","1067","5","387","4","370"
"20223","11","서울시","CS100003","일식음식점","6701","5649","1052","5","299","5","302"
"20223","11","서울시","CS100002","중식음식점","6203","5468","735","5","285","5","332"
"20223","11","서울시","CS100001","한식음식점","57013","49471","7542","3","1741","5","2737"
"20222","11","서울시","CS300043","전자상거래업","21992","21978","14","5","980","3","676"
"20222","11","서울시","CS300042","주유소","1008","1008","0","1","13","2","15"
"20222","11","서울시","CS300041","예술품","1969","1969","0","5","92","2","30"
"20222","11","서울시","CS300040","재생용품 판매점","1344","1344","0","1","18","1","9"
"20222","11","서울시","CS300039","모터사이클및부품","756","756","0","2","13","1","8"
"20222","11","서울시","CS300038","자동차부품","3801","3795","6","1","47","1","42"
"20222","11","서울시","CS300037","중고차판매","905","905","0","3","29","1","5"
"20222","11","서울시","CS300036","조명용품","11722","11712","10","1","108","1","74"
"20222","11","서울시","CS300035","인테리어","4353","4351","2","2","84","1","33"
"20222","11","서울시","CS300034","악기","759","759","0","1","5","0","3"
"20222","11","서울시","CS300033","철물점","2217","2217","0","1","15","1","23"
"20222","11","서울시","CS300032","가전제품","2613","2613","0","1","35","1","21"
"20222","11","서울시","CS300031","가구","3657","3653","4","2","57","1","31"
"20222","11","서울시","CS300030","중고가구","200","200","0","1","2","2","4"
"20222","11","서울시","CS300029","애완동물","1915","1806","109","5","104","2","35"
"20222","11","서울시","CS300028","화초","5824","5782","42","3","175","1","70"
"20222","11","서울시","CS300027","섬유제품","2995","2992","3","1","31","1","14"
"20222","11","서울시","CS300026","완구","908","906","2","2","17","2","16"
"20222","11","서울시","CS300025","자전거 및 기타운송장비","870","870","0","1","11","1","8"
"20222","11","서울시","CS300024","운동/경기용품","3690","3685","5","2","66","1","37"
"20222","11","서울시","CS300023","미용재료","1500","1500","0","2","28","1","14"
"20222","11","서울시","CS300022","화장품","15596","14600","996","2","285","2","268"
"20222","11","서울시","CS300021","문구","4546","4108","438","2","77","1","39"
"20222","11","서울시","CS300020","서적","4200","4115","85","1","45","1","36"
"20222","11","서울시","CS300019","의료기기","3910","3887","23","2","71","1","33"
"20222","11","서울시","CS300018","의약품","8516","7973","543","2","191","1","103"
"20222","11","서울시","CS300017","시계및귀금속","6054","5942","112","1","82","1","47"
"20222","11","서울시","CS300016","안경","2679","2015","664","1","37","1","32"
"20222","11","서울시","CS300015","가방","3135","3109","26","2","64","1","32"
"20222","11","서울시","CS300014","신발","5048","4968","80","1","66","1","53"
"20222","11","서울시","CS300013","유아의류","1923","1800","123","2","39","1","22"
"20222","11","서울시","CS300012","한복점","338","338","0","1","3","1","2"
"20222","11","서울시","CS300011","일반의류","51265","51158","107","2","892","1","581"
"20222","11","서울시","CS300010","반찬가게","9486","9167","319","3","250","1","130"
"20222","11","서울시","CS300009","청과상","9118","9087","31","2","217","2","142"
"20222","11","서울시","CS300008","수산물판매","6236","6193","43","2","94","1","66"
"20222","11","서울시","CS300007","육류판매","7833","7785","48","2","177","2","146"
"20222","11","서울시","CS300006","미곡판매","3216","3216","0","1","30","1","30"
"20222","11","서울시","CS300005","주류도매","955","955","0","1","13","1","7"
"20222","11","서울시","CS300004","핸드폰","7728","7674","54","2","156","2","114"
"20222","11","서울시","CS300003","컴퓨터및주변장치판매","9757","9754","3","1","91","1","83"
"20222","11","서울시","CS300002","편의점","9377","2330","7047","4","349","3","259"
"20222","11","서울시","CS300001","슈퍼마켓","11911","8590","3321","2","234","2","283"
"20222","11","서울시","CS200047","가정용품임대","1095","1095","0","2","26","1","14"
"20222","11","서울시","CS200046","의류임대","644","642","2","2","10","1","5"
"20222","11","서울시","CS200045","비디오/서적임대","218","194","24","1","3","3","7"
"20222","11","서울시","CS200044","여행사","6967","6962","5","2","129","1","53"
"20222","11","서울시","CS200043","건축물청소","5183","5082","101","3","165","2","80"
"20222","11","서울시","CS200042","통번역서비스","2339","2339","0","2","45","2","44"
"20222","11","서울시","CS200041","사진관","6192","6141","51","4","220","1","82"
"20222","11","서울시","CS200040","녹음실","1209","1207","2","1","15","1","10"
"20222","11","서울시","CS200039","DVD방","43","43","0","2","1","5","2"
"20222","11","서울시","CS200038","독서실","3310","2633","677","5","153","3","109"
"20222","11","서울시","CS200037","노래방","6244","6120","124","3","209","2","147"
"20222","11","서울시","CS200036","고시원","152","152","0","5","7","3","5"
"20222","11","서울시","CS200035","게스트하우스","1104","1087","17","4","48","3","31"
"20222","11","서울시","CS200034","여관","2855","2829","26","3","84","2","69"
"20222","11","서울시","CS200033","부동산중개업","43460","43397","63","3","1129","2","726"
"20222","11","서울시","CS200032","가전제품수리","2990","2987","3","2","53","1","37"
"20222","11","서울시","CS200031","세탁소","6013","4946","1067","2","103","1","76"
"20222","11","서울시","CS200030","피부관리실","6781","6529","252","5","362","2","110"
"20222","11","서울시","CS200029","네일숍","4901","4809","92","5","228","2","87"
"20222","11","서울시","CS200028","미용실","21143","19554","1589","2","461","1","294"
"20222","11","서울시","CS200027","모터사이클수리","681","668","13","3","17","1","7"
"20222","11","서울시","CS200026","자동차미용","1669","1541","128","3","46","2","33"
"20222","11","서울시","CS200025","자동차수리","4676","4178","498","1","48","1","38"
"20222","11","서울시","CS200024","스포츠클럽","4051","3861","190","5","209","1","41"
"20222","11","서울시","CS200023","통신기기수리","576","576","0","2","14","1","5"
"20222","11","서울시","CS200022","복권방","994","994","0","1","12","1","14"
"20222","11","서울시","CS200021","기타오락장","1431","1293","138","3","44","5","73"
"20222","11","서울시","CS200020","전자게임장","354","337","17","5","16","5","16"
"20222","11","서울시","CS200019","PC방","1641","1473","168","2","40","4","68"
"20222","11","서울시","CS200018","볼링장","143","143","0","2","3","4","5"
"20222","11","서울시","CS200017","골프연습장","1859","1775","84","4","74","2","30"
"20222","11","서울시","CS200016","당구장","3743","3687","56","3","115","2","91"
"20222","11","서울시","CS200015","세무사사무소","6994","6994","0","1","79","1","45"
"20222","11","서울시","CS200014","회계사사무소","904","904","0","1","12","0","4"
"20222","11","서울시","CS200013","기타법무서비스","2377","2377","0","3","68","2","38"
"20222","11","서울시","CS200012","법무사사무소","2369","2369","0","2","41","1","14"
"20222","11","서울시","CS200011","변리사사무소","966","966","0","1","12","1","7"
"20222","11","서울시","CS200010","변호사사무소","4809","4809","0","2","100","2","73"
"20222","11","서울시","CS200009","동물병원","973","962","11","2","17","1","12"
"20222","11","서울시","CS200008","한의원","3911","3911","0","1","49","1","48"
"20222","11","서울시","CS200007","치과의원","5114","5114","0","1","54","1","59"
"20222","11","서울시","CS200006","일반의원","10018","10018","0","2","194","1","103"
"20222","11","서울시","CS200005","스포츠 강습","8172","7850","322","4","318","1","104"
"20222","11","서울시","CS200004","컴퓨터학원","500","492","8","2","9","2","10"
"20222","11","서울시","CS200003","예술학원","10113","9709","404","3","288","1","131"
"20222","11","서울시","CS200002","외국어학원","2339","2274","65","2","53","2","38"
"20222","11","서울시","CS200001","일반교습학원","23421","21418","2003","3","681","2","402"
"20222","11","서울시","CS100010","커피-음료","26863","20580","6283","6","1595","3","798"
"20222","11","서울시","CS100009","호프-간이주점","17985","15998","1987","4","691","3","504"
"20222","11","서울시","CS100008","분식전문점","12260","9047","3213","3","419","3","385"
"20222","11","서울시","CS100007","치킨전문점","6961","2599","4362","4","244","4","251"
"20222","11","서울시","CS100006","패스트푸드점","6678","3168","3510","5","305","3","184"
"20222","11","서울시","CS100005","제과점","7032","5041","1991","4","284","3","190"
"20222","11","서울시","CS100004","양식음식점","8413","7338","1075","5","376","2","203"
"20222","11","서울시","CS100003","일식음식점","6704","5650","1054","4","263","3","183"
"20222","11","서울시","CS100002","중식음식점","6250","5519","731","5","290","3","197"
"20222","11","서울시","CS100001","한식음식점","58009","50358","7651","3","1840","3","1474"
"20221","11","서울시","CS300043","전자상거래업","21688","21674","14","4","892","5","1145"
"20221","11","서울시","CS300042","주유소","1010","1010","0","1","14","1","14"
"20221","11","서울시","CS300041","예술품","1907","1907","0","3","57","1","25"
"20221","11","서울시","CS300040","재생용품 판매점","1335","1335","0","1","19","1","12"
"20221","11","서울시","CS300039","모터사이클및부품","751","751","0","3","21","2","11"
"20221","11","서울시","CS300038","자동차부품","3796","3791","5","1","49","2","59"
"20221","11","서울시","CS300037","중고차판매","881","881","0","4","32","2","20"
"20221","11","서울시","CS300036","조명용품","11688","11678","10","1","104","1","106"
"20221","11","서울시","CS300035","인테리어","4302","4300","2","2","73","2","73"
"20221","11","서울시","CS300034","악기","757","757","0","1","7","1","6"
"20221","11","서울시","CS300033","철물점","2225","2225","0","1","17","1","31"
"20221","11","서울시","CS300032","가전제품","2599","2599","0","1","34","1","32"
"20221","11","서울시","CS300031","가구","3631","3628","3","2","59","2","57"
"20221","11","서울시","CS300030","중고가구","202","202","0","0","0","2","3"
"20221","11","서울시","CS300029","애완동물","1846","1757","89","5","86","4","73"
"20221","11","서울시","CS300028","화초","5719","5676","43","3","154","2","113"
"20221","11","서울시","CS300027","섬유제품","2978","2975","3","1","34","1","34"
"20221","11","서울시","CS300026","완구","907","905","2","2","18","2","17"
"20221","11","서울시","CS300025","자전거 및 기타운송장비","867","867","0","2","17","1","10"
"20221","11","서울시","CS300024","운동/경기용품","3661","3656","5","2","72","2","71"
"20221","11","서울시","CS300023","미용재료","1486","1486","0","1","20","3","40"
"20221","11","서울시","CS300022","화장품","15579","14567","1012","2","315","2","375"
"20221","11","서울시","CS300021","문구","4508","4069","439","2","76","2","96"
"20221","11","서울시","CS300020","서적","4191","4105","86","2","72","2","98"
"20221","11","서울시","CS300019","의료기기","3872","3848","24","2","80","2","65"
"20221","11","서울시","CS300018","의약품","8428","7891","537","2","156","1","117"
"20221","11","서울시","CS300017","시계및귀금속","6019","5908","111","2","101","1","71"
"20221","11","서울시","CS300016","안경","2674","2017","657","1","27","1","31"
"20221","11","서울시","CS300015","가방","3103","3076","27","2","73","2","63"
"20221","11","서울시","CS300014","신발","5035","4954","81","2","86","1","61"
"20221","11","서울시","CS300013","유아의류","1906","1783","123","2","46","2","34"
"20221","11","서울시","CS300012","한복점","337","337","0","1","3","3","9"
"20221","11","서울시","CS300011","일반의류","50954","50848","106","2","1217","2","1045"
"20221","11","서울시","CS300010","반찬가게","9366","9062","304","3","248","2","181"
"20221","11","서울시","CS300009","청과상","9043","9019","24","2","155","3","231"
"20221","11","서울시","CS300008","수산물판매","6208","6166","42","2","94","2","135"
"20221","11","서울시","CS300007","육류판매","7802","7756","46","2","138","2","163"
"20221","11","서울시","CS300006","미곡판매","3216","3216","0","1","37","2","70"
"20221","11","서울시","CS300005","주류도매","949","949","0","2","23","2","20"
"20221","11","서울시","CS300004","핸드폰","7686","7633","53","2","159","2","181"
"20221","11","서울시","CS300003","컴퓨터및주변장치판매","9749","9747","2","1","107","2","144"
"20221","11","서울시","CS300002","편의점","9287","2306","6981","3","282","3","260"
"20221","11","서울시","CS300001","슈퍼마켓","11960","8621","3339","2","185","3","347"
"20221","11","서울시","CS200047","가정용품임대","1083","1083","0","3","31","2","16"
"20221","11","서울시","CS200046","의류임대","639","638","1","2","10","2","10"
"20221","11","서울시","CS200045","비디오/서적임대","222","200","22","3","6","1","1"
"20221","11","서울시","CS200044","여행사","6891","6886","5","1","72","2","103"
"20221","11","서울시","CS200043","건축물청소","5098","4998","100","3","160","2","93"
"20221","11","서울시","CS200042","통번역서비스","2338","2338","0","2","52","4","83"
"20221","11","서울시","CS200041","사진관","6054","6022","32","3","207","1","83"
"20221","11","서울시","CS200040","녹음실","1204","1202","2","2","27","1","11"
"20221","11","서울시","CS200039","DVD방","44","44","0","0","0","7","3"
"20221","11","서울시","CS200038","독서실","3266","2583","683","4","118","3","89"
"20221","11","서울시","CS200037","노래방","6182","6057","125","2","102","3","157"
"20221","11","서울시","CS200036","고시원","150","150","0","4","6","1","2"
"20221","11","서울시","CS200035","게스트하우스","1087","1070","17","3","34","4","43"
"20221","11","서울시","CS200034","여관","2840","2813","27","3","70","4","112"
"20221","11","서울시","CS200033","부동산중개업","43057","42998","59","3","1347","2","937"
"20221","11","서울시","CS200032","가전제품수리","2974","2971","3","2","53","2","47"
"20221","11","서울시","CS200031","세탁소","5986","4921","1065","2","108","2","98"
"20221","11","서울시","CS200030","피부관리실","6529","6286","243","5","324","2","143"
"20221","11","서울시","CS200029","네일숍","4760","4667","93","5","219","2","78"
"20221","11","서울시","CS200028","미용실","20976","19402","1574","2","448","1","280"
"20221","11","서울시","CS200027","모터사이클수리","671","659","12","2","13","2","12"
"20221","11","서울시","CS200026","자동차미용","1656","1529","127","2","33","2","33"
"20221","11","서울시","CS200025","자동차수리","4666","4167","499","1","39","1","51"
"20221","11","서울시","CS200024","스포츠클럽","3883","3696","187","6","229","2","79"
"20221","11","서울시","CS200023","통신기기수리","567","567","0","2","10","3","15"
"20221","11","서울시","CS200022","복권방","996","996","0","1","10","2","19"
"20221","11","서울시","CS200021","기타오락장","1460","1328","132","2","28","5","69"
"20221","11","서울시","CS200020","전자게임장","354","336","18","3","10","3","10"
"20221","11","서울시","CS200019","PC방","1669","1502","167","2","38","5","79"
"20221","11","서울시","CS200018","볼링장","145","145","0","2","3","2","3"
"20221","11","서울시","CS200017","골프연습장","1815","1736","79","5","91","2","43"
"20221","11","서울시","CS200016","당구장","3719","3663","56","3","121","3","112"
"20221","11","서울시","CS200015","세무사사무소","6960","6960","0","2","107","1","76"
"20221","11","서울시","CS200014","회계사사무소","896","896","0","1","6","0","3"
"20221","11","서울시","CS200013","기타법무서비스","2347","2347","0","4","93","3","58"
"20221","11","서울시","CS200012","법무사사무소","2342","2342","0","2","45","1","26"
"20221","11","서울시","CS200011","변리사사무소","961","961","0","2","17","2","14"
"20221","11","서울시","CS200010","변호사사무소","4782","4782","0","3","135","3","127"
"20221","11","서울시","CS200009","동물병원","968","957","11","1","9","1","10"
"20221","11","서울시","CS200008","한의원","3910","3910","0","1","56","1","52"
"20221","11","서울시","CS200007","치과의원","5119","5119","0","1","54","1","47"
"20221","11","서울시","CS200006","일반의원","9927","9927","0","2","222","1","113"
"20221","11","서울시","CS200005","스포츠 강습","7958","7640","318","5","362","2","154"
"20221","11","서울시","CS200004","컴퓨터학원","501","489","12","4","18","1","4"
"20221","11","서울시","CS200003","예술학원","9956","9556","400","4","350","2","182"
"20221","11","서울시","CS200002","외국어학원","2324","2259","65","4","88","3","59"
"20221","11","서울시","CS200001","일반교습학원","23142","21122","2020","4","863","2","512"
"20221","11","서울시","CS100010","커피-음료","26066","19953","6113","5","1196","3","761"
"20221","11","서울시","CS100009","호프-간이주점","17798","15817","1981","2","378","2","384"
"20221","11","서울시","CS100008","분식전문점","12226","9023","3203","3","365","3","342"
"20221","11","서울시","CS100007","치킨전문점","6968","2616","4352","3","206","4","248"
"20221","11","서울시","CS100006","패스트푸드점","6557","3097","3460","4","281","3","184"
"20221","11","서울시","CS100005","제과점","6938","4974","1964","4","259","3","171"
"20221","11","서울시","CS100004","양식음식점","8240","7188","1052","4","314","3","241"
"20221","11","서울시","CS100003","일식음식점","6624","5581","1043","4","231","2","160"
"20221","11","서울시","CS100002","중식음식점","6157","5449","708","4","255","3","192"
"20221","11","서울시","CS100001","한식음식점","57643","50055","7588","3","1489","3","1524"
"20214","11","서울시","CS300043","전자상거래업","21941","21927","14","7","1564","3","554"
"20214","11","서울시","CS300042","주유소","1010","1010","0","2","15","2","16"
"20214","11","서울시","CS300041","예술품","1875","1875","0","5","96","1","22"
"20214","11","서울시","CS300040","재생용품 판매점","1328","1328","0","2","20","1","14"
"20214","11","서울시","CS300039","모터사이클및부품","741","741","0","4","26","1","8"
"20214","11","서울시","CS300038","자동차부품","3806","3801","5","2","82","1","52"
"20214","11","서울시","CS300037","중고차판매","869","869","0","5","46","2","19"
"20214","11","서울시","CS300036","조명용품","11690","11680","10","1","137","1","94"
"20214","11","서울시","CS300035","인테리어","4302","4300","2","2","68","1","62"
"20214","11","서울시","CS300034","악기","756","756","0","2","11","1","8"
"20214","11","서울시","CS300033","철물점","2239","2239","0","1","23","2","33"
"20214","11","서울시","CS300032","가전제품","2597","2597","0","1","35","1","31"
"20214","11","서울시","CS300031","가구","3629","3625","4","3","90","2","54"
"20214","11","서울시","CS300030","중고가구","205","205","0","2","4","1","2"
"20214","11","서울시","CS300029","애완동물","1833","1755","78","8","154","2","44"
"20214","11","서울시","CS300028","화초","5678","5635","43","4","206","2","100"
"20214","11","서울시","CS300027","섬유제품","2978","2975","3","2","44","1","37"
"20214","11","서울시","CS300026","완구","906","904","2","3","27","2","16"
"20214","11","서울시","CS300025","자전거 및 기타운송장비","860","860","0","2","14","1","6"
"20214","11","서울시","CS300024","운동/경기용품","3660","3655","5","3","113","1","43"
"20214","11","서울시","CS300023","미용재료","1506","1506","0","2","27","1","15"
"20214","11","서울시","CS300022","화장품","15639","14633","1006","3","503","2","345"
"20214","11","서울시","CS300021","문구","4528","4068","460","2","79","2","70"
"20214","11","서울시","CS300020","서적","4217","4133","84","2","89","2","62"
"20214","11","서울시","CS300019","의료기기","3857","3833","24","2","69","2","62"
"20214","11","서울시","CS300018","의약품","8389","7855","534","3","213","1","109"
"20214","11","서울시","CS300017","시계및귀금속","5989","5880","109","2","114","1","51"
"20214","11","서울시","CS300016","안경","2678","2022","656","2","39","1","32"
"20214","11","서울시","CS300015","가방","3093","3067","26","3","83","2","63"
"20214","11","서울시","CS300014","신발","5010","4933","77","2","100","2","103"
"20214","11","서울시","CS300013","유아의류","1894","1771","123","3","61","4","66"
"20214","11","서울시","CS300012","한복점","343","343","0","2","6","1","4"
"20214","11","서울시","CS300011","일반의류","50782","50679","103","3","1263","2","1100"
"20214","11","서울시","CS300010","반찬가게","9299","9000","299","4","393","2","194"
"20214","11","서울시","CS300009","청과상","9119","9094","25","3","248","2","183"
"20214","11","서울시","CS300008","수산물판매","6249","6206","43","2","129","1","89"
"20214","11","서울시","CS300007","육류판매","7827","7780","47","4","292","2","185"
"20214","11","서울시","CS300006","미곡판매","3249","3249","0","2","68","2","51"
"20214","11","서울시","CS300005","주류도매","946","946","0","2","23","1","11"
"20214","11","서울시","CS300004","핸드폰","7708","7655","53","3","196","2","161"
"20214","11","서울시","CS300003","컴퓨터및주변장치판매","9786","9784","2","2","200","1","95"
"20214","11","서울시","CS300002","편의점","9265","2286","6979","5","423","3","284"
"20214","11","서울시","CS300001","슈퍼마켓","12122","8734","3388","3","329","3","354"
"20214","11","서울시","CS200047","가정용품임대","1068","1068","0","4","47","2","26"
"20214","11","서울시","CS200046","의류임대","639","638","1","2","10","2","15"
"20214","11","서울시","CS200045","비디오/서적임대","217","195","22","3","6","5","10"
"20214","11","서울시","CS200044","여행사","6922","6917","5","2","110","1","76"
"20214","11","서울시","CS200043","건축물청소","5031","4931","100","4","195","1","57"
"20214","11","서울시","CS200042","통번역서비스","2369","2369","0","4","90","2","42"
"20214","11","서울시","CS200041","사진관","5930","5905","25","4","262","1","85"
"20214","11","서울시","CS200040","녹음실","1188","1186","2","2","24","1","14"
"20214","11","서울시","CS200039","DVD방","47","47","0","2","1","6","3"
"20214","11","서울시","CS200038","독서실","3237","2544","693","5","163","4","142"
"20214","11","서울시","CS200037","노래방","6237","6113","124","4","274","5","290"
"20214","11","서울시","CS200036","고시원","146","146","0","10","14","3","5"
"20214","11","서울시","CS200035","게스트하우스","1096","1077","19","5","55","4","47"
"20214","11","서울시","CS200034","여관","2882","2856","26","2","70","3","93"
"20214","11","서울시","CS200033","부동산중개업","42647","42595","52","4","1753","2","763"
"20214","11","서울시","CS200032","가전제품수리","2968","2965","3","3","80","1","41"
"20214","11","서울시","CS200031","세탁소","5976","4911","1065","2","117","2","140"
"20214","11","서울시","CS200030","피부관리실","6348","6106","242","5","287","2","145"
"20214","11","서울시","CS200029","네일숍","4619","4521","98","5","222","2","110"
"20214","11","서울시","CS200028","미용실","20808","19243","1565","3","611","2","388"
"20214","11","서울시","CS200027","모터사이클수리","670","658","12","3","22","1","8"
"20214","11","서울시","CS200026","자동차미용","1656","1532","124","4","64","2","38"
"20214","11","서울시","CS200025","자동차수리","4678","4174","504","1","49","1","63"
"20214","11","서울시","CS200024","스포츠클럽","3733","3549","184","6","232","2","66"
"20214","11","서울시","CS200023","통신기기수리","572","572","0","1","8","3","19"
"20214","11","서울시","CS200022","복권방","1005","1005","0","8","83","1","11"
"20214","11","서울시","CS200021","기타오락장","1501","1365","136","6","95","4","66"
"20214","11","서울시","CS200020","전자게임장","354","335","19","7","26","4","13"
"20214","11","서울시","CS200019","PC방","1710","1543","167","4","76","5","85"
"20214","11","서울시","CS200018","볼링장","145","145","0","2","3","1","2"
"20214","11","서울시","CS200017","골프연습장","1767","1693","74","7","126","3","44"
"20214","11","서울시","CS200016","당구장","3710","3654","56","6","232","4","148"
"20214","11","서울시","CS200015","세무사사무소","6929","6929","0","2","153","1","59"
"20214","11","서울시","CS200014","회계사사무소","893","893","0","2","21","1","7"
"20214","11","서울시","CS200013","기타법무서비스","2312","2312","0","4","91","2","45"
"20214","11","서울시","CS200012","법무사사무소","2323","2323","0","1","33","1","16"
"20214","11","서울시","CS200011","변리사사무소","958","958","0","2","16","0","2"
"20214","11","서울시","CS200010","변호사사무소","4774","4774","0","3","142","2","72"
"20214","11","서울시","CS200009","동물병원","969","958","11","1","10","0","3"
"20214","11","서울시","CS200008","한의원","3906","3906","0","2","58","1","53"
"20214","11","서울시","CS200007","치과의원","5112","5112","0","1","42","1","30"
"20214","11","서울시","CS200006","일반의원","9818","9818","0","2","159","1","78"
"20214","11","서울시","CS200005","스포츠 강습","7750","7436","314","6","483","2","167"
"20214","11","서울시","CS200004","컴퓨터학원","487","481","6","2","11","1","4"
"20214","11","서울시","CS200003","예술학원","9788","9389","399","3","319","2","186"
"20214","11","서울시","CS200002","외국어학원","2295","2230","65","4","101","1","33"
"20214","11","서울시","CS200001","일반교습학원","22791","20807","1984","4","949","2","439"
"20214","11","서울시","CS100010","커피-음료","25631","19628","6003","7","1780","4","896"
"20214","11","서울시","CS100009","호프-간이주점","17804","15812","1992","4","741","5","798"
"20214","11","서울시","CS100008","분식전문점","12203","8979","3224","5","653","4","517"
"20214","11","서울시","CS100007","치킨전문점","7010","2624","4386","7","476","6","383"
"20214","11","서울시","CS100006","패스트푸드점","6460","3043","3417","7","452","4","234"
"20214","11","서울시","CS100005","제과점","6850","4877","1973","6","407","3","219"
"20214","11","서울시","CS100004","양식음식점","8167","7127","1040","7","580","4","282"
"20214","11","서울시","CS100003","일식음식점","6553","5519","1034","6","386","3","212"
"20214","11","서울시","CS100002","중식음식점","6094","5409","685","6","337","3","205"
"20214","11","서울시","CS100001","한식음식점","57678","50079","7599","5","2679","4","2025"
"20213","11","서울시","CS300043","전자상거래업","20931","20918","13","4","865","3","636"
"20213","11","서울시","CS300042","주유소","1011","1011","0","2","18","2","19"
"20213","11","서울시","CS300041","예술품","1801","1801","0","3","54","2","31"
"20213","11","서울시","CS300040","재생용품 판매점","1322","1322","0","1","14","1","19"
"20213","11","서울시","CS300039","모터사이클및부품","723","723","0","2","16","1","10"
"20213","11","서울시","CS300038","자동차부품","3776","3771","5","1","43","2","64"
"20213","11","서울시","CS300037","중고차판매","842","842","0","3","23","3","21"
"20213","11","서울시","CS300036","조명용품","11647","11637","10","1","105","1","120"
"20213","11","서울시","CS300035","인테리어","4296","4294","2","1","57","2","74"
"20213","11","서울시","CS300034","악기","753","753","0","1","4","1","9"
"20213","11","서울시","CS300033","철물점","2249","2249","0","1","22","1","26"
"20213","11","서울시","CS300032","가전제품","2593","2593","0","1","25","1","34"
"20213","11","서울시","CS300031","가구","3593","3589","4","2","68","2","59"
"20213","11","서울시","CS300030","중고가구","203","203","0","2","4","1","1"
"20213","11","서울시","CS300029","애완동물","1723","1652","71","4","65","2","42"
"20213","11","서울시","CS300028","화초","5572","5529","43","2","136","2","109"
"20213","11","서울시","CS300027","섬유제품","2971","2968","3","2","45","1","43"
"20213","11","서울시","CS300026","완구","895","893","2","2","18","2","20"
"20213","11","서울시","CS300025","자전거 및 기타운송장비","852","852","0","1","6","1","9"
"20213","11","서울시","CS300024","운동/경기용품","3590","3585","5","2","82","2","72"
"20213","11","서울시","CS300023","미용재료","1494","1494","0","1","19","2","22"
"20213","11","서울시","CS300022","화장품","15481","14453","1028","3","409","3","411"
"20213","11","서울시","CS300021","문구","4519","4057","462","1","56","1","57"
"20213","11","서울시","CS300020","서적","4190","4107","83","2","71","2","71"
"20213","11","서울시","CS300019","의료기기","3850","3826","24","2","76","2","64"
"20213","11","서울시","CS300018","의약품","8285","7756","529","2","144","2","130"
"20213","11","서울시","CS300017","시계및귀금속","5926","5817","109","2","90","1","74"
"20213","11","서울시","CS300016","안경","2671","2020","651","1","31","1","31"
"20213","11","서울시","CS300015","가방","3073","3048","25","2","65","2","65"
"20213","11","서울시","CS300014","신발","5013","4934","79","1","67","2","115"
"20213","11","서울시","CS300013","유아의류","1899","1777","122","3","49","3","52"
"20213","11","서울시","CS300012","한복점","341","341","0","1","2","3","9"
"20213","11","서울시","CS300011","일반의류","50619","50516","103","2","1169","3","1298"
"20213","11","서울시","CS300010","반찬가게","9100","8825","275","3","240","2","182"
"20213","11","서울시","CS300009","청과상","9054","9032","22","2","211","2","200"
"20213","11","서울시","CS300008","수산물판매","6209","6168","41","2","95","2","118"
"20213","11","서울시","CS300007","육류판매","7720","7678","42","2","174","2","176"
"20213","11","서울시","CS300006","미곡판매","3232","3232","0","1","40","2","58"
"20213","11","서울시","CS300005","주류도매","934","934","0","1","9","1","13"
"20213","11","서울시","CS300004","핸드폰","7673","7621","52","3","196","3","254"
"20213","11","서울시","CS300003","컴퓨터및주변장치판매","9681","9678","3","1","131","1","126"
"20213","11","서울시","CS300002","편의점","9126","2291","6835","3","314","3","271"
"20213","11","서울시","CS300001","슈퍼마켓","12147","8778","3369","2","216","3","358"
"20213","11","서울시","CS200047","가정용품임대","1047","1047","0","3","28","2","16"
"20213","11","서울시","CS200046","의류임대","644","643","1","2","11","2","14"
"20213","11","서울시","CS200045","비디오/서적임대","221","198","23","3","6","1","3"
"20213","11","서울시","CS200044","여행사","6888","6882","6","1","61","1","87"
"20213","11","서울시","CS200043","건축물청소","4893","4792","101","3","143","2","87"
"20213","11","서울시","CS200042","통번역서비스","2321","2321","0","2","55","1","28"
"20213","11","서울시","CS200041","사진관","5753","5731","22","3","165","2","99"
"20213","11","서울시","CS200040","녹음실","1178","1176","2","2","25","2","23"
"20213","11","서울시","CS200039","DVD방","49","49","0","2","1","2","1"
"20213","11","서울시","CS200038","독서실","3216","2514","702","5","148","3","95"
"20213","11","서울시","CS200037","노래방","6253","6124","129","2","118","3","180"
"20213","11","서울시","CS200036","고시원","137","137","0","2","2","2","2"
"20213","11","서울시","CS200035","게스트하우스","1088","1068","20","4","40","3","35"
"20213","11","서울시","CS200034","여관","2905","2879","26","2","64","4","118"
"20213","11","서울시","CS200033","부동산중개업","41657","41609","48","3","1093","2","837"
"20213","11","서울시","CS200032","가전제품수리","2929","2926","3","2","52","1","38"
"20213","11","서울시","CS200031","세탁소","5999","4918","1081","2","115","2","138"
"20213","11","서울시","CS200030","피부관리실","6206","5964","242","5","284","3","157"
"20213","11","서울시","CS200029","네일숍","4507","4406","101","3","133","2","66"
"20213","11","서울시","CS200028","미용실","20585","19036","1549","2","425","2","339"
"20213","11","서울시","CS200027","모터사이클수리","656","644","12","2","13","1","9"
"20213","11","서울시","CS200026","자동차미용","1630","1506","124","4","64","3","47"
"20213","11","서울시","CS200025","자동차수리","4692","4188","504","1","33","2","72"
"20213","11","서울시","CS200024","스포츠클럽","3567","3385","182","4","148","2","64"
"20213","11","서울시","CS200023","통신기기수리","583","583","0","2","14","3","19"
"20213","11","서울시","CS200022","복권방","933","933","0","4","39","1","10"
"20213","11","서울시","CS200021","기타오락장","1472","1338","134","3","43","7","103"
"20213","11","서울시","CS200020","전자게임장","341","324","17","5","17","4","13"
"20213","11","서울시","CS200019","PC방","1719","1545","174","3","52","5","84"
"20213","11","서울시","CS200018","볼링장","144","144","0","1","1","1","2"
"20213","11","서울시","CS200017","골프연습장","1685","1624","61","5","91","3","48"
"20213","11","서울시","CS200016","당구장","3626","3565","61","4","133","4","139"
"20213","11","서울시","CS200015","세무사사무소","6835","6835","0","2","161","1","49"
"20213","11","서울시","CS200014","회계사사무소","879","879","0","2","13","2","13"
"20213","11","서울시","CS200013","기타법무서비스","2266","2266","0","3","73","2","48"
"20213","11","서울시","CS200012","법무사사무소","2306","2306","0","1","24","1","25"
"20213","11","서울시","CS200011","변리사사무소","944","944","0","1","12","1","11"
"20213","11","서울시","CS200010","변호사사무소","4704","4704","0","3","123","2","93"
"20213","11","서울시","CS200009","동물병원","962","951","11","1","12","1","13"
"20213","11","서울시","CS200008","한의원","3901","3901","0","2","59","1","47"
"20213","11","서울시","CS200007","치과의원","5100","5100","0","1","49","1","47"
"20213","11","서울시","CS200006","일반의원","9737","9737","0","2","185","1","111"
"20213","11","서울시","CS200005","스포츠 강습","7434","7119","315","4","313","2","134"
"20213","11","서울시","CS200004","컴퓨터학원","480","474","6","3","15","1","5"
"20213","11","서울시","CS200003","예술학원","9655","9268","387","3","262","2","145"
"20213","11","서울시","CS200002","외국어학원","2227","2165","62","3","73","1","29"
"20213","11","서울시","CS200001","일반교습학원","22281","20327","1954","3","651","2","364"
"20213","11","서울시","CS100010","커피-음료","24747","18974","5773","5","1338","4","854"
"20213","11","서울시","CS100009","호프-간이주점","17861","15877","1984","3","542","4","673"
"20213","11","서울시","CS100008","분식전문점","12067","8882","3185","4","517","4","501"
"20213","11","서울시","CS100007","치킨전문점","6917","2616","4301","4","274","5","339"
"20213","11","서울시","CS100006","패스트푸드점","6242","2932","3310","6","380","4","244"
"20213","11","서울시","CS100005","제과점","6662","4688","1974","5","311","3","203"
"20213","11","서울시","CS100004","양식음식점","7869","6865","1004","5","417","3","263"
"20213","11","서울시","CS100003","일식음식점","6379","5373","1006","5","329","3","219"
"20213","11","서울시","CS100002","중식음식점","5962","5309","653","5","287","4","233"
"20213","11","서울시","CS100001","한식음식점","57024","49603","7421","3","1736","3","1919"
"20212","11","서울시","CS300043","전자상거래업","20702","20688","14","4","775","4","780"
"20212","11","서울시","CS300042","주유소","1012","1012","0","2","18","2","22"
"20212","11","서울시","CS300041","예술품","1778","1778","0","3","55","2","32"
"20212","11","서울시","CS300040","재생용품 판매점","1327","1327","0","1","16","2","20"
"20212","11","서울시","CS300039","모터사이클및부품","717","717","0","2","13","1","7"
"20212","11","서울시","CS300038","자동차부품","3797","3792","5","2","68","1","44"
"20212","11","서울시","CS300037","중고차판매","840","840","0","3","23","3","21"
"20212","11","서울시","CS300036","조명용품","11662","11652","10","1","90","1","106"
"20212","11","서울시","CS300035","인테리어","4313","4311","2","2","71","1","61"
"20212","11","서울시","CS300034","악기","758","758","0","1","5","1","4"
"20212","11","서울시","CS300033","철물점","2253","2253","0","1","22","1","25"
"20212","11","서울시","CS300032","가전제품","2602","2602","0","1","29","2","45"
"20212","11","서울시","CS300031","가구","3584","3580","4","2","74","1","37"
"20212","11","서울시","CS300030","중고가구","200","200","0","1","1","1","1"
"20212","11","서울시","CS300029","애완동물","1700","1641","59","5","89","5","76"
"20212","11","서울시","CS300028","화초","5545","5505","40","2","127","2","110"
"20212","11","서울시","CS300027","섬유제품","2969","2966","3","1","38","2","46"
"20212","11","서울시","CS300026","완구","897","895","2","1","10","2","18"
"20212","11","서울시","CS300025","자전거 및 기타운송장비","855","855","0","1","7","1","4"
"20212","11","서울시","CS300024","운동/경기용품","3580","3576","4","2","84","2","65"
"20212","11","서울시","CS300023","미용재료","1497","1497","0","1","18","2","31"
"20212","11","서울시","CS300022","화장품","15483","14434","1049","2","365","3","414"
"20212","11","서울시","CS300021","문구","4520","4056","464","1","52","1","59"
"20212","11","서울시","CS300020","서적","4190","4108","82","2","69","1","58"
"20212","11","서울시","CS300019","의료기기","3838","3814","24","2","74","2","68"
"20212","11","서울시","CS300018","의약품","8271","7744","527","2","168","1","115"
"20212","11","서울시","CS300017","시계및귀금속","5910","5800","110","2","88","1","69"
"20212","11","서울시","CS300016","안경","2671","2018","653","2","58","2","53"
"20212","11","서울시","CS300015","가방","3073","3049","24","2","60","2","73"
"20212","11","서울시","CS300014","신발","5061","4984","77","2","79","2","123"
"20212","11","서울시","CS300013","유아의류","1902","1777","125","2","29","3","50"
"20212","11","서울시","CS300012","한복점","348","348","0","1","2","2","6"
"20212","11","서울시","CS300011","일반의류","50748","50648","100","2","1057","3","1263"
"20212","11","서울시","CS300010","반찬가게","9042","8771","271","3","288","2","181"
"20212","11","서울시","CS300009","청과상","9043","9020","23","3","224","2","220"
"20212","11","서울시","CS300008","수산물판매","6232","6197","35","2","119","2","135"
"20212","11","서울시","CS300007","육류판매","7722","7682","40","3","233","3","190"
"20212","11","서울시","CS300006","미곡판매","3250","3250","0","1","36","2","58"
"20212","11","서울시","CS300005","주류도매","938","938","0","2","17","2","19"
"20212","11","서울시","CS300004","핸드폰","7731","7678","53","2","188","3","192"
"20212","11","서울시","CS300003","컴퓨터및주변장치판매","9676","9673","3","1","122","1","113"
"20212","11","서울시","CS300002","편의점","9083","2266","6817","4","383","3","282"
"20212","11","서울시","CS300001","슈퍼마켓","12289","8889","3400","3","325","3","401"
"20212","11","서울시","CS200047","가정용품임대","1035","1035","0","3","29","3","26"
"20212","11","서울시","CS200046","의류임대","647","646","1","2","15","3","16"
"20212","11","서울시","CS200045","비디오/서적임대","218","196","22","1","3","2","4"
"20212","11","서울시","CS200044","여행사","6914","6908","6","1","55","1","95"
"20212","11","서울시","CS200043","건축물청소","4837","4735","102","4","178","2","88"
"20212","11","서울시","CS200042","통번역서비스","2294","2294","0","2","47","3","57"
"20212","11","서울시","CS200041","사진관","5687","5665","22","3","171","1","75"
"20212","11","서울시","CS200040","녹음실","1176","1174","2","2","26","1","13"
"20212","11","서울시","CS200039","DVD방","49","49","0","4","2","16","8"
"20212","11","서울시","CS200038","독서실","3163","2465","698","5","168","3","95"
"20212","11","서울시","CS200037","노래방","6315","6188","127","3","214","5","288"
"20212","11","서울시","CS200036","고시원","137","137","0","3","4","4","6"
"20212","11","서울시","CS200035","게스트하우스","1083","1062","21","3","31","4","46"
"20212","11","서울시","CS200034","여관","2959","2933","26","2","68","4","128"
"20212","11","서울시","CS200033","부동산중개업","41401","41356","45","3","1226","2","943"
"20212","11","서울시","CS200032","가전제품수리","2915","2913","2","2","64","2","58"
"20212","11","서울시","CS200031","세탁소","6022","4928","1094","3","154","2","128"
"20212","11","서울시","CS200030","피부관리실","6079","5835","244","5","301","2","147"
"20212","11","서울시","CS200029","네일숍","4440","4341","99","5","226","3","119"
"20212","11","서울시","CS200028","미용실","20499","18960","1539","3","558","2","446"
"20212","11","서울시","CS200027","모터사이클수리","652","641","11","3","16","2","11"
"20212","11","서울시","CS200026","자동차미용","1613","1490","123","4","60","3","53"
"20212","11","서울시","CS200025","자동차수리","4731","4227","504","1","53","2","74"
"20212","11","서울시","CS200024","스포츠클럽","3483","3302","181","5","176","2","79"
"20212","11","서울시","CS200023","통신기기수리","588","588","0","2","13","2","14"
"20212","11","서울시","CS200022","복권방","904","904","0","1","8","2","15"
"20212","11","서울시","CS200021","기타오락장","1532","1395","137","5","76","9","142"
"20212","11","서울시","CS200020","전자게임장","337","320","17","7","24","10","34"
"20212","11","서울시","CS200019","PC방","1751","1573","178","3","55","6","111"
"20212","11","서울시","CS200018","볼링장","145","145","0","0","0","0","0"
"20212","11","서울시","CS200017","골프연습장","1642","1589","53","4","61","2","29"
"20212","11","서울시","CS200016","당구장","3632","3568","64","4","149","5","162"
"20212","11","서울시","CS200015","세무사사무소","6723","6723","0","1","79","0","24"
"20212","11","서울시","CS200014","회계사사무소","879","879","0","1","12","1","6"
"20212","11","서울시","CS200013","기타법무서비스","2241","2241","0","4","81","2","41"
"20212","11","서울시","CS200012","법무사사무소","2307","2307","0","2","50","1","20"
"20212","11","서울시","CS200011","변리사사무소","943","943","0","2","15","1","13"
"20212","11","서울시","CS200010","변호사사무소","4674","4674","0","2","111","2","82"
"20212","11","서울시","CS200009","동물병원","963","953","10","2","22","1","10"
"20212","11","서울시","CS200008","한의원","3889","3889","0","2","86","2","74"
"20212","11","서울시","CS200007","치과의원","5098","5098","0","1","72","1","55"
"20212","11","서울시","CS200006","일반의원","9663","9663","0","2","177","1","103"
"20212","11","서울시","CS200005","스포츠 강습","7255","6940","315","6","400","2","156"
"20212","11","서울시","CS200004","컴퓨터학원","470","464","6","2","9","1","6"
"20212","11","서울시","CS200003","예술학원","9538","9155","383","3","311","2","188"
"20212","11","서울시","CS200002","외국어학원","2183","2122","61","5","103","3","61"
"20212","11","서울시","CS200001","일반교습학원","21994","20070","1924","3","730","2","460"
"20212","11","서울시","CS100010","커피-음료","24263","18653","5610","6","1543","4","957"
"20212","11","서울시","CS100009","호프-간이주점","17992","15978","2014","4","708","5","832"
"20212","11","서울시","CS100008","분식전문점","12051","8868","3183","6","675","5","591"
"20212","11","서울시","CS100007","치킨전문점","6982","2690","4292","5","330","6","421"
"20212","11","서울시","CS100006","패스트푸드점","6106","2845","3261","7","426","4","220"
"20212","11","서울시","CS100005","제과점","6554","4568","1986","6","417","3","219"
"20212","11","서울시","CS100004","양식음식점","7715","6728","987","6","472","4","319"
"20212","11","서울시","CS100003","일식음식점","6269","5282","987","6","386","4","218"
"20212","11","서울시","CS100002","중식음식점","5908","5278","630","6","352","4","251"
"20212","11","서울시","CS100001","한식음식점","57207","49813","7394","4","2368","4","2351"
"20211","11","서울시","CS300043","전자상거래업","20707","20693","14","3","633","7","1341"
"20211","11","서울시","CS300042","주유소","1016","1016","0","3","29","2","21"
"20211","11","서울시","CS300041","예술품","1755","1755","0","2","36","2","40"
"20211","11","서울시","CS300040","재생용품 판매점","1331","1331","0","1","9","2","26"
"20211","11","서울시","CS300039","모터사이클및부품","711","711","0","3","18","2","14"
"20211","11","서울시","CS300038","자동차부품","3773","3768","5","2","72","2","61"
"20211","11","서울시","CS300037","중고차판매","838","838","0","3","25","4","30"
"20211","11","서울시","CS300036","조명용품","11678","11668","10","1","91","1","126"
"20211","11","서울시","CS300035","인테리어","4303","4301","2","1","49","2","80"
"20211","11","서울시","CS300034","악기","757","757","0","2","11","1","10"
"20211","11","서울시","CS300033","철물점","2256","2256","0","2","35","1","21"
"20211","11","서울시","CS300032","가전제품","2618","2618","0","1","30","2","46"
"20211","11","서울시","CS300031","가구","3547","3543","4","2","63","2","59"
"20211","11","서울시","CS300030","중고가구","200","200","0","2","3","0","0"
"20211","11","서울시","CS300029","애완동물","1687","1629","58","4","65","4","59"
"20211","11","서울시","CS300028","화초","5528","5488","40","2","132","3","140"
"20211","11","서울시","CS300027","섬유제품","2977","2974","3","1","43","2","49"
"20211","11","서울시","CS300026","완구","905","903","2","2","14","3","23"
"20211","11","서울시","CS300025","자전거 및 기타운송장비","852","852","0","1","10","2","19"
"20211","11","서울시","CS300024","운동/경기용품","3561","3557","4","3","101","2","68"
"20211","11","서울시","CS300023","미용재료","1510","1510","0","1","20","3","50"
"20211","11","서울시","CS300022","화장품","15532","14438","1094","2","335","3","494"
"20211","11","서울시","CS300021","문구","4527","4059","468","1","57","2","78"
"20211","11","서울시","CS300020","서적","4179","4100","79","2","74","3","126"
"20211","11","서울시","CS300019","의료기기","3832","3807","25","2","92","3","98"
"20211","11","서울시","CS300018","의약품","8218","7692","526","2","164","2","128"
"20211","11","서울시","CS300017","시계및귀금속","5891","5782","109","1","78","2","92"
"20211","11","서울시","CS300016","안경","2666","2013","653","2","48","2","51"
"20211","11","서울시","CS300015","가방","3086","3061","25","2","66","3","82"
"20211","11","서울시","CS300014","신발","5105","5029","76","2","105","3","134"
"20211","11","서울시","CS300013","유아의류","1923","1797","126","3","63","4","75"
"20211","11","서울시","CS300012","한복점","352","352","0","0","0","1","4"
"20211","11","서울시","CS300011","일반의류","50954","50854","100","3","1263","3","1409"
"20211","11","서울시","CS300010","반찬가게","8935","8675","260","3","293","3","220"
"20211","11","서울시","CS300009","청과상","9039","9016","23","2","206","3","255"
"20211","11","서울시","CS300008","수산물판매","6248","6215","33","2","112","2","130"
"20211","11","서울시","CS300007","육류판매","7679","7639","40","2","148","3","213"
"20211","11","서울시","CS300006","미곡판매","3272","3272","0","1","33","2","80"
"20211","11","서울시","CS300005","주류도매","940","940","0","2","23","1","13"
"20211","11","서울시","CS300004","핸드폰","7735","7682","53","3","197","3","224"
"20211","11","서울시","CS300003","컴퓨터및주변장치판매","9667","9663","4","1","122","2","153"
"20211","11","서울시","CS300002","편의점","8982","2229","6753","4","343","3","279"
"20211","11","서울시","CS300001","슈퍼마켓","12365","8962","3403","2","276","3","360"
"20211","11","서울시","CS200047","가정용품임대","1032","1032","0","3","32","3","30"
"20211","11","서울시","CS200046","의류임대","648","647","1","2","13","2","15"
"20211","11","서울시","CS200045","비디오/서적임대","219","199","20","2","5","7","16"
"20211","11","서울시","CS200044","여행사","6954","6948","6","1","56","3","190"
"20211","11","서울시","CS200043","건축물청소","4747","4644","103","3","160","2","102"
"20211","11","서울시","CS200042","통번역서비스","2304","2304","0","3","66","3","76"
"20211","11","서울시","CS200041","사진관","5591","5569","22","3","141","2","115"
"20211","11","서울시","CS200040","녹음실","1163","1161","2","3","33","2","21"
"20211","11","서울시","CS200039","DVD방","55","55","0","2","1","11","6"
"20211","11","서울시","CS200038","독서실","3090","2424","666","6","196","3","94"
"20211","11","서울시","CS200037","노래방","6389","6261","128","1","77","3","173"
"20211","11","서울시","CS200036","고시원","139","139","0","1","2","7","9"
"20211","11","서울시","CS200035","게스트하우스","1098","1078","20","4","42","4","46"
"20211","11","서울시","CS200034","여관","3019","2995","24","2","61","3","100"
"20211","11","서울시","CS200033","부동산중개업","41118","41079","39","3","1197","3","1029"
"20211","11","서울시","CS200032","가전제품수리","2909","2907","2","2","63","2","69"
"20211","11","서울시","CS200031","세탁소","5996","4905","1091","2","141","2","97"
"20211","11","서울시","CS200030","피부관리실","5925","5688","237","4","263","2","127"
"20211","11","서울시","CS200029","네일숍","4333","4233","100","4","166","3","107"
"20211","11","서울시","CS200028","미용실","20387","18867","1520","2","423","2","327"
"20211","11","서울시","CS200027","모터사이클수리","647","636","11","3","17","1","6"
"20211","11","서울시","CS200026","자동차미용","1606","1486","120","4","59","3","48"
"20211","11","서울시","CS200025","자동차수리","4752","4243","509","1","63","1","60"
"20211","11","서울시","CS200024","스포츠클럽","3386","3206","180","4","146","3","89"
"20211","11","서울시","CS200023","통신기기수리","589","589","0","2","11","3","15"
"20211","11","서울시","CS200022","복권방","911","911","0","1","5","2","22"
"20211","11","서울시","CS200021","기타오락장","1598","1458","140","3","53","6","103"
"20211","11","서울시","CS200020","전자게임장","347","329","18","8","27","8","28"
"20211","11","서울시","CS200019","PC방","1807","1622","185","3","49","6","103"
"20211","11","서울시","CS200018","볼링장","145","145","0","2","3","4","6"
"20211","11","서울시","CS200017","골프연습장","1610","1560","50","4","60","2","28"
"20211","11","서울시","CS200016","당구장","3645","3584","61","3","107","3","113"
"20211","11","서울시","CS200015","세무사사무소","6668","6668","0","2","100","1","51"
"20211","11","서울시","CS200014","회계사사무소","873","873","0","1","7","1","6"
"20211","11","서울시","CS200013","기타법무서비스","2201","2201","0","3","74","2","45"
"20211","11","서울시","CS200012","법무사사무소","2277","2277","0","2","34","1","27"
"20211","11","서울시","CS200011","변리사사무소","941","941","0","2","22","1","9"
"20211","11","서울시","CS200010","변호사사무소","4645","4645","0","3","144","2","113"
"20211","11","서울시","CS200009","동물병원","951","941","10","0","4","0","1"
"20211","11","서울시","CS200008","한의원","3877","3877","0","2","62","1","55"
"20211","11","서울시","CS200007","치과의원","5081","5081","0","1","53","1","62"
"20211","11","서울시","CS200006","일반의원","9589","9589","0","2","213","1","129"
"20211","11","서울시","CS200005","스포츠 강습","7011","6702","309","4","250","2","159"
"20211","11","서울시","CS200004","컴퓨터학원","467","461","6","3","16","2","8"
"20211","11","서울시","CS200003","예술학원","9415","9031","384","3","291","2","212"
"20211","11","서울시","CS200002","외국어학원","2141","2078","63","4","78","5","101"
"20211","11","서울시","CS200001","일반교습학원","21724","19825","1899","4","819","3","583"
"20211","11","서울시","CS100010","커피-음료","23677","18194","5483","4","1028","4","817"
"20211","11","서울시","CS100009","호프-간이주점","18116","16075","2041","2","404","3","583"
"20211","11","서울시","CS100008","분식전문점","11967","8798","3169","5","540","3","401"
"20211","11","서울시","CS100007","치킨전문점","7073","2755","4318","5","354","4","261"
"20211","11","서울시","CS100006","패스트푸드점","5900","2708","3192","6","353","3","190"
"20211","11","서울시","CS100005","제과점","6356","4385","1971","5","309","3","197"
"20211","11","서울시","CS100004","양식음식점","7562","6595","967","5","350","3","255"
"20211","11","서울시","CS100003","일식음식점","6101","5134","967","4","253","3","190"
"20211","11","서울시","CS100002","중식음식점","5807","5192","615","4","221","3","177"
"20211","11","서울시","CS100001","한식음식점","57190","49837","7353","4","1975","3","1607"